time,open,high,low,close,spread,f01_CPR,f02_WickAsym,f03_BEF,f04_TCS,f05_SPI,f06_LRSlope,f07_RECR,f08_SCM,f09_HLER,f10_EP,f11_KE,f12_MCS,f13_Work,f14_EDR,f15_AI,f16_PPShigh,f16_PPSlow,f17_SCR,f18_RVD,f19_WBER,f20_NCDE,h1_trend_sma20,h1_trend_sma50,h1_slope5,h1_rsi14,h1_atr_ratio,h1_dist_sma20,h1_dist_sma50,h4_trend_sma20,h4_trend_sma50,h4_slope5,h4_rsi14,h4_atr_ratio,h4_dist_sma20,h4_dist_sma50,label
2016.09.09 00:15,623.81000,625.00000,623.81000,623.90000,0,0.075630,0.924370,0.075630,0.005720,0.854459,-0.014327,0.396997,0.583333,0.804398,0.000000,0.185391,-0.554190,0.064612,1.346253,-0.848739,-0.301901,-3.510234,0.137731,0.114754,12.222222,0.025109,0.981740,2.780200,0.015121,69.9238,0.204964,0.554321,1.585892,2.075740,4.945403,0.358917,71.7640,-0.055434,2.113598,5.187166,0
2016.09.09 00:20,623.80000,625.14000,623.80000,625.14000,0,1.000000,0.000000,1.000000,1.000000,0.000000,0.120609,0.441152,1.416667,0.947917,0.000000,0.242640,5.405380,1.131196,1.075160,1.000000,-0.233940,-0.202748,0.155093,8.857143,0.000000,1.554989,0.981740,2.780200,0.015121,69.9238,0.204964,0.554321,1.585892,2.075740,4.945403,0.358917,71.7640,-0.055434,2.113598,5.187166,0
2016.09.09 00:25,625.14000,625.19000,623.82000,625.19000,0,1.000000,-0.963504,0.036496,0.036496,-0.928339,0.094347,0.898361,1.583333,0.816514,0.000000,0.257822,-0.203934,0.079691,1.192852,1.000000,0.026207,-0.110071,0.628440,0.040323,26.400000,0.046745,0.981740,2.780200,0.015121,69.9238,0.204964,0.554321,1.585892,2.075740,4.945403,0.358917,71.7640,-0.055434,2.113598,5.187166,0
2016.09.09 00:30,625.19000,625.63000,623.84000,623.92000,0,0.044693,0.201117,0.709497,-0.677788,0.058425,0.083204,1.353497,0.083333,0.153465,-1.306569,-0.427872,0.163350,-2.107910,2.194368,-0.910615,0.227390,-0.020672,0.886139,25.400000,0.409449,-1.018708,0.981740,2.780200,0.015121,69.9238,0.204964,0.554321,1.585892,2.075740,4.945403,0.358917,71.7640,-0.055434,2.113598,5.187166,0
2016.09.09 00:35,623.93000,623.93000,623.92000,623.92000,0,0.000000,0.000000,1.000000,-1.000000,0.000000,-0.065374,0.007030,0.083333,0.065574,0.000000,-0.000015,-0.999713,0.000000,2.892798,-1.000000,-0.941828,-0.066482,0.005464,0.000000,0.000000,-0.000463,0.981740,2.780200,0.015121,69.9238,0.204964,0.554321,1.585892,2.075740,4.945403,0.358917,71.7640,-0.055434,2.113598,5.187166,0
2016.09.09 00:40,623.92000,625.00000,623.92000,623.92000,0,0.000000,1.000000,0.000000,0.000000,1.000000,-0.209520,0.957871,-0.083333,0.065574,0.000000,0.000000,2686.000000,0.000000,0.000000,-1.000000,-0.355789,-0.056474,0.590164,0.000000,0.000000,0.000000,0.981740,2.780200,0.015121,69.9238,0.204964,0.554321,1.585892,2.075740,4.945403,0.358917,71.7640,-0.055434,2.113598,5.187166,0
2016.09.09 00:45,623.92000,625.40000,623.91000,625.20000,0,0.865772,0.127517,0.859060,0.743750,0.017972,0.001131,1.402353,0.750000,0.762431,0.000000,0.355180,0.015290,2.236953,2.236953,0.731544,-0.130101,-0.039596,0.823204,0.000000,0.164062,0.984381,0.981740,2.780200,0.015121,69.9238,0.204964,0.554321,1.585892,2.075740,4.945403,0.358917,71.7640,-0.055434,2.113598,5.187166,0
2016.09.09 00:50,623.92000,623.92000,623.90000,623.90000,0,0.000000,0.000000,1.000000,-1.000000,0.000000,0.068320,0.018307,-0.500000,0.033520,-0.013423,-0.000061,-0.991753,-0.953722,2.804281,-1.000000,-0.815427,0.005510,0.011173,1.015625,0.000000,-0.012619,0.981740,2.780200,0.015121,69.9238,0.204964,0.554321,1.585892,2.075740,4.945403,0.358917,71.7640,-0.055434,2.113598,5.187166,0
2016.09.09 00:55,623.90000,624.36000,623.82000,624.35000,0,0.981481,-0.129630,0.833333,0.817901,-0.021605,0.049246,0.830769,0.833333,0.335443,27.000000,0.050112,36.916217,0.180845,1.819815,0.962963,-0.609715,0.046901,0.341772,0.346154,0.200000,0.565123,0.981740,2.780200,0.015121,69.9238,0.204964,0.554321,1.585892,2.075740,4.945403,0.358917,71.7640,-0.055434,2.113598,5.187166,0
2016.09.09 01:00,624.33000,624.36000,623.60000,624.32000,0,0.947368,-0.907895,0.013158,-0.000693,-0.895949,-0.003051,0.971246,-0.583333,0.400000,-1.407407,-0.107564,0.281463,-0.026657,0.206537,0.894737,-0.634699,0.134263,0.422222,0.066667,75.000000,-0.009743,0.767269,2.401596,0.286865,68.4478,0.361340,0.492928,1.559265,2.075740,4.945403,0.358917,71.7640,-0.055434,2.113598,5.187166,0
2016.09.09 01:05,624.33000,624.33000,623.60000,623.60000,0,0.000000,0.000000,1.000000,-1.000000,0.000000,-0.172136,1.039146,-1.416667,0.000000,0.000000,-0.102158,0.281815,-0.704838,0.681939,-1.000000,-0.018576,0.000000,0.405556,24.000000,0.000000,-1.150689,0.767269,2.401596,0.286865,68.4478,0.361340,0.492928,1.559265,2.075740,4.945403,0.358917,71.7640,-0.055434,2.113598,5.187166,1
2016.09.09 01:10,624.30000,624.38000,623.60000,623.60000,0,0.000000,0.102564,0.897436,-0.897436,0.010519,-0.118125,1.521951,-0.583333,0.000000,0.000000,-0.232903,-0.442225,0.000000,1.543881,-1.000000,0.017500,0.000000,1.000000,0.000000,0.114286,-0.845230,0.767269,2.401596,0.286865,68.4478,0.361340,0.492928,1.559265,2.075740,4.945403,0.358917,71.7640,-0.055434,2.113598,5.187166,1
2016.09.09 01:15,623.65000,624.37000,623.31000,624.37000,0,1.000000,-0.320755,0.679245,0.679245,-0.102884,-0.063978,1.508897,0.416667,0.990654,1.358974,0.497315,0.789291,2.137116,2.137116,1.000000,-0.009409,0.272849,0.990654,0.000000,0.472222,0.858812,0.767269,2.401596,0.286865,68.4478,0.361340,0.492928,1.559265,2.075740,4.945403,0.358917,71.7640,-0.055434,2.113598,5.187166,1
2016.09.09 01:20,624.37000,624.38000,622.51000,624.30000,0,0.957219,-0.951872,0.037433,-0.001601,-0.916240,0.066536,2.246246,-0.750000,0.957219,-1.764151,-1.452536,0.883510,-0.369753,2.569419,0.914439,0.000000,0.729167,1.000000,0.090909,25.714286,-0.067435,0.767269,2.401596,0.286865,68.4478,0.361340,0.492928,1.559265,2.075740,4.945403,0.358917,71.7640,-0.055434,2.113598,5.187166,1
2016.09.09 01:25,622.88000,624.30000,622.79000,622.95000,0,0.105960,0.834437,0.046358,0.004912,0.795755,-0.053743,1.360360,-1.166667,0.235294,0.807487,0.914665,-0.389168,-3.020002,2.871305,-0.788079,-0.071657,-0.250800,0.807487,19.285714,20.571429,0.047732,0.767269,2.401596,0.286865,68.4478,0.361340,0.492928,1.559265,2.075740,4.945403,0.358917,71.7640,-0.055434,2.113598,5.187166,1
2016.09.09 01:30,623.10000,625.99000,623.08000,625.98000,0,0.996564,-0.003436,0.989691,0.986290,-0.000035,0.269821,2.229885,0.416667,0.997126,0.000000,2.763217,0.161065,2.889113,4.461878,0.993127,1.300635,-0.460473,0.836207,2.244444,0.010417,1.112066,0.767269,2.401596,0.286865,68.4478,0.361340,0.492928,1.559265,2.075740,4.945403,0.358917,71.7640,-0.055434,2.113598,5.187166,0
2016.09.09 01:35,625.00000,625.92000,625.00000,625.01000,0,0.010870,0.989130,0.010870,0.000118,0.978379,0.244628,0.500680,-1.083333,0.718391,0.000000,0.289051,-0.290843,-0.724994,3.195189,-0.978261,-0.057851,-2.057851,0.264368,0.320132,91.000000,0.008144,0.767269,2.401596,0.286865,68.4478,0.361340,0.492928,1.559265,2.075740,4.945403,0.358917,71.7640,-0.055434,2.113598,5.187166,0
2016.09.09 01:40,625.01000,627.01000,625.00000,625.55000,0,0.273632,0.721393,0.268657,0.073513,0.527586,0.372028,1.115118,0.583333,0.675556,0.000000,1.344571,0.772797,0.458034,1.172931,-0.452736,0.832168,-1.803030,0.446667,0.556701,2.722222,0.322039,0.767269,2.401596,0.286865,68.4478,0.361340,0.492928,1.559265,2.075740,4.945403,0.358917,71.7640,-0.055434,2.113598,5.187166,0
2016.09.09 01:45,625.55000,625.55000,625.55000,625.55000,0,0.000000,0.000000,0.000000,0.000000,0.000000,0.389388,0.000000,0.416667,0.654028,0.000000,0.000000,-0.999573,0.000000,0.464094,0.000000,-1.191837,-2.016327,0.000000,0.000000,0.000000,0.000000,0.767269,2.401596,0.286865,68.4478,0.361340,0.492928,1.559265,2.075740,4.945403,0.358917,71.7640,-0.055434,2.113598,5.187166,1
2016.09.09 01:50,625.55000,626.42000,625.35000,625.35000,0,0.000000,0.813084,0.186916,-0.186916,0.661106,-0.058810,0.732877,-0.916667,0.577608,0.000000,-0.381920,835.732395,-0.053171,0.053171,-1.000000,-0.481914,-0.285881,0.272265,0.000000,4.350000,-0.122898,0.767269,2.401596,0.286865,68.4478,0.361340,0.492928,1.559265,2.075740,4.945403,0.358917,71.7640,-0.055434,2.113598,5.187166,0
2016.09.09 01:55,625.36000,625.60000,625.36000,625.36000,0,0.000000,1.000000,0.000000,0.000000,1.000000,0.044025,0.240000,0.750000,0.179104,0.000000,0.000000,-0.561522,0.011472,0.171161,-1.000000,-1.241509,-0.316981,0.119403,0.050000,0.000000,0.000000,0.767269,2.401596,0.286865,68.4478,0.361340,0.492928,1.559265,2.075740,4.945403,0.358917,71.7640,-0.055434,2.113598,5.187166,1
2016.09.09 02:00,625.39000,626.04000,625.36000,625.40000,0,0.058824,0.897059,0.014706,0.000865,0.883867,-0.044895,0.819277,1.166667,0.199005,0.000000,0.194087,0.395185,0.080131,0.052692,-0.882353,-0.348168,-0.009162,0.338308,4.000000,67.000000,0.009274,0.974016,2.850545,0.242704,53.6325,0.219193,0.562747,1.664980,2.075740,4.945403,0.358917,71.7640,-0.055434,2.113598,5.187166,0
2016.09.09 02:05,626.45000,626.89000,625.76000,625.76000,0,0.000000,0.389381,0.610619,-0.610619,0.151617,0.040542,2.271357,1.583333,0.266234,-1.661765,-0.475057,0.714854,3.497944,3.252077,-1.000000,0.405422,-0.353666,0.733766,9.000000,0.637681,-1.032605,0.974016,2.850545,0.242704,53.6325,0.219193,0.562747,1.664980,2.075740,4.945403,0.358917,71.7640,-0.055434,2.113598,5.187166,0
2016.09.09 02:10,625.76000,626.08000,625.75000,625.76000,0,0.030303,0.939394,0.000000,0.000000,0.939394,0.108101,0.423077,1.083333,0.266234,0.000000,0.000000,-0.803989,0.000000,3.497944,-0.939394,-0.717722,-0.345570,0.214286,0.000000,0.000000,0.000000,0.974016,2.850545,0.242704,53.6325,0.219193,0.562747,1.664980,2.075740,4.945403,0.358917,71.7640,-0.055434,2.113598,5.187166,0
2016.09.09 02:15,625.76000,626.60000,625.32000,625.53000,0,0.164062,0.492188,0.179688,-0.150208,0.403748,0.059939,2.151261,-0.416667,0.133758,0.000000,-0.600635,4.245164,-1.555179,1.555179,-0.671875,-0.248318,0.034251,0.815287,0.000000,4.565217,-0.286415,0.974016,2.850545,0.242704,53.6325,0.219193,0.562747,1.664980,2.075740,4.945403,0.358917,71.7640,-0.055434,2.113598,5.187166,0
2016.09.09 02:20,626.60000,626.60000,625.68000,625.68000,0,0.000000,0.000000,1.000000,-1.000000,0.000000,0.027764,1.076023,0.750000,0.229299,0.000000,-0.299568,-0.504590,1.027601,2.282169,-1.000000,-0.243990,-0.302885,0.585987,0.652174,0.000000,-0.767777,0.974016,2.850545,0.242704,53.6325,0.219193,0.562747,1.664980,2.075740,4.945403,0.358917,71.7640,-0.055434,2.113598,5.187166,0
2016.09.09 02:25,625.66000,625.68000,625.66000,625.66000,0,0.000000,1.000000,0.000000,0.000000,1.000000,-0.025128,0.021858,-0.833333,0.216561,0.000000,0.000000,-0.949666,-0.048949,1.104158,-1.000000,-0.825641,-0.305128,0.012739,0.133333,0.000000,0.000000,0.974016,2.850545,0.242704,53.6325,0.219193,0.562747,1.664980,2.075740,4.945403,0.358917,71.7640,-0.055434,2.113598,5.187166,0
2016.09.09 02:30,625.54000,625.90000,625.48000,625.90000,0,1.000000,-0.142857,0.857143,0.857143,-0.020408,0.040565,0.658824,0.583333,0.453125,0.000000,0.086340,0.400537,0.137314,0.236804,1.000000,-0.692580,-0.158304,0.328125,12.000000,0.166667,0.085687,0.974016,2.850545,0.242704,53.6325,0.219193,0.562747,1.664980,2.075740,4.945403,0.358917,71.7640,-0.055434,2.113598,5.187166,-1
2016.09.09 02:35,625.48000,626.00000,625.47000,626.00000,0,1.000000,-0.018868,0.981132,0.981132,-0.000356,0.123311,0.803030,1.416667,0.531250,0.000000,0.158711,1.587715,0.116926,0.017177,1.000000,-0.637813,0.010630,0.414062,0.416667,0.019231,0.269233,0.974016,2.850545,0.242704,53.6325,0.219193,0.562747,1.664980,2.075740,4.945403,0.358917,71.7640,-0.055434,2.113598,5.187166,-1
2016.09.09 02:40,625.54000,626.00000,625.48000,625.48000,0,0.000000,0.884615,0.115385,-0.115385,0.782544,-0.007887,1.100529,-0.416667,0.008850,-0.981132,-0.233633,2.690184,-2.286338,2.416231,-1.000000,0.000000,-0.013146,0.460177,5.200000,7.666667,-0.196552,0.974016,2.850545,0.242704,53.6325,0.219193,0.562747,1.664980,2.075740,4.945403,0.358917,71.7640,-0.055434,2.113598,5.187166,-1
2016.09.09 02:45,625.51000,625.51000,625.49000,625.49000,0,0.000000,0.000000,1.000000,-1.000000,0.000000,-0.109691,0.053691,1.083333,0.037736,0.000000,-0.000417,-0.996678,0.064100,4.285775,-1.000000,-0.707216,-0.028866,0.037736,0.019231,0.000000,-0.011429,0.974016,2.850545,0.242704,53.6325,0.219193,0.562747,1.664980,2.075740,4.945403,0.358917,71.7640,-0.055434,2.113598,5.187166,-1
2016.09.09 02:50,625.19000,625.92000,624.92000,625.05000,0,0.130000,0.600000,0.140000,-0.121800,0.516000,-0.356041,2.684564,-0.583333,0.120370,0.000000,-1.297737,570.597627,-2.635584,2.667155,-0.740000,-0.128884,0.886076,0.925926,44.000000,6.142857,-0.405674,0.974016,2.850545,0.242704,53.6325,0.219193,0.562747,1.664980,2.075740,4.945403,0.358917,71.7640,-0.055434,2.113598,5.187166,0
2016.09.09 02:55,625.05000,625.73000,624.34000,625.67000,0,0.956835,-0.467626,0.446043,0.426790,-0.259045,-0.151389,2.685990,0.583333,0.801205,1.390000,1.863522,2.415972,3.853967,4.474884,0.913669,-0.375000,0.805556,0.837349,1.409091,1.241935,1.497294,0.974016,2.850545,0.242704,53.6325,0.219193,0.562747,1.664980,2.075740,4.945403,0.358917,71.7640,-0.055434,2.113598,5.187166,0
2016.09.09 03:00,625.67000,625.90000,624.87000,625.83000,0,0.932039,-0.708738,0.155340,0.144783,-0.598643,0.122709,1.406143,1.416667,0.897590,0.000000,1.031414,-0.476301,0.953679,2.182655,0.864078,-0.027888,-0.739044,0.620482,0.258065,5.437500,0.206285,0.894896,2.852402,0.112090,50.4000,0.207954,0.513031,1.653802,2.075740,4.945403,0.358917,71.7640,-0.055434,2.113598,5.187166,0
2016.09.09 03:05,624.96000,625.90000,624.96000,625.84000,0,0.936170,0.063830,0.936170,0.876415,0.004074,0.193103,1.093023,1.583333,0.949367,0.000000,0.752112,0.768619,0.060872,0.962812,0.872340,-0.026095,-0.808947,0.594937,0.062500,0.068182,1.580099,0.894896,2.852402,0.112090,50.4000,0.207954,0.513031,1.653802,2.075740,4.945403,0.358917,71.7640,-0.055434,2.113598,5.187166,0
2016.09.09 03:10,625.00000,625.93000,625.00000,625.93000,0,1.000000,0.000000,1.000000,1.000000,0.000000,0.246084,0.853211,2.083333,1.000000,0.000000,0.703052,-0.553463,0.460220,0.404879,1.000000,0.038251,-0.841530,0.584906,9.000000,0.000000,0.654979,0.894896,2.852402,0.112090,50.4000,0.207954,0.513031,1.653802,2.075740,4.945403,0.358917,71.7640,-0.055434,2.113598,5.187166,0
2016.09.09 03:15,625.92000,625.92000,625.08000,625.91000,0,0.988095,-0.988095,0.011905,-0.000142,-0.976332,0.078530,0.783217,0.083333,0.987421,-0.903226,-0.646761,-0.557635,-0.050009,0.555476,0.976190,-0.013540,-0.284333,0.528302,0.222222,83.000000,-0.003574,0.894896,2.852402,0.112090,50.4000,0.207954,0.513031,1.653802,2.075740,4.945403,0.358917,71.7640,-0.055434,2.113598,5.187166,0
2016.09.09 03:20,625.93000,626.18000,625.93000,626.18000,0,1.000000,0.000000,1.000000,1.000000,0.000000,0.104864,0.267380,1.083333,1.000000,0.297619,0.057959,-0.645505,0.730718,0.861027,1.000000,0.340467,-1.321012,0.190840,13.500000,0.000000,0.153519,0.894896,2.852402,0.112090,50.4000,0.207954,0.513031,1.653802,2.075740,4.945403,0.358917,71.7640,-0.055434,2.113598,5.187166,0
2016.09.09 03:25,625.45000,626.18000,625.45000,626.18000,0,1.000000,0.000000,1.000000,1.000000,0.000000,0.133813,0.986486,0.416667,1.000000,0.000000,0.551628,-0.984190,0.000000,1.563694,1.000000,0.000000,-0.647482,0.598361,0.000000,0.000000,0.003226,0.894896,2.852402,0.112090,50.4000,0.207954,0.513031,1.653802,2.075740,4.945403,0.358917,71.7640,-0.055434,2.113598,5.187166,0
2016.09.09 03:30,625.60000,626.22000,625.60000,625.83000,0,0.370968,0.629032,0.370968,0.137617,0.395682,0.010560,0.901818,-0.916667,0.680328,0.000000,0.437435,179.648971,-1.231953,1.231953,-0.258065,0.060345,-0.784483,0.508197,0.000000,1.695652,0.405396,0.894896,2.852402,0.112090,50.4000,0.207954,0.513031,1.653802,2.075740,4.945403,0.358917,71.7640,-0.055434,2.113598,5.187166,0
2016.09.09 03:35,625.79000,626.25000,625.79000,626.25000,0,1.000000,0.000000,1.000000,1.000000,0.000000,0.047531,0.754098,0.750000,1.000000,0.000000,0.219487,-0.886508,1.877916,3.291213,1.000000,0.043210,-0.489712,0.393162,1.200000,0.000000,0.230856,0.894896,2.852402,0.112090,50.4000,0.207954,0.513031,1.653802,2.075740,4.945403,0.358917,71.7640,-0.055434,2.113598,5.187166,0
2016.09.09 03:40,625.80000,626.00000,625.57000,625.57000,0,0.000000,0.465116,0.534884,-0.534884,0.216333,-0.161323,0.834951,-0.833333,0.150000,-0.934783,-0.181929,2.581473,-1.152418,2.676324,-1.000000,-0.350701,-0.168337,0.537500,1.619048,0.869565,-0.579852,0.894896,2.852402,0.112090,50.4000,0.207954,0.513031,1.653802,2.075740,4.945403,0.358917,71.7640,-0.055434,2.113598,5.187166,0
2016.09.09 03:45,625.58000,625.58000,625.20000,625.41000,0,0.552632,-0.552632,0.447368,-0.200139,-0.305402,-0.256358,0.678571,-1.416667,0.200000,0.000000,-0.146449,1.016491,-0.716659,0.574458,0.105263,-0.954222,0.526958,0.361905,0.235294,1.235294,-0.782103,0.894896,2.852402,0.112090,50.4000,0.207954,0.513031,1.653802,2.075740,4.945403,0.358917,71.7640,-0.055434,2.113598,5.187166,0
2016.09.09 03:50,625.21000,625.55000,625.21000,625.55000,0,1.000000,0.000000,1.000000,1.000000,0.000000,-0.203109,0.719577,0.416667,0.333333,0.894737,0.121655,-0.993253,0.389204,1.050078,1.000000,-1.015544,-0.014508,0.323810,0.875000,0.000000,0.011792,0.894896,2.852402,0.112090,50.4000,0.207954,0.513031,1.653802,2.075740,4.945403,0.358917,71.7640,-0.055434,2.113598,5.187166,1
2016.09.09 03:55,625.49000,625.55000,625.49000,625.55000,0,1.000000,0.000000,1.000000,1.000000,0.000000,-0.205372,0.149068,-0.083333,0.333333,0.000000,0.003765,-0.500000,0.000000,0.510082,1.000000,-0.650826,-0.419421,0.057143,0.000000,0.000000,0.010256,0.894896,2.852402,0.112090,50.4000,0.207954,0.513031,1.653802,2.075740,4.945403,0.358917,71.7640,-0.055434,2.113598,5.187166,1
2016.09.09 04:00,626.00000,626.25000,625.16000,625.16000,0,0.000000,0.229358,0.770642,-0.770642,0.052605,-0.097441,3.603306,-0.916667,0.000000,-18.166667,-1.219804,1080.325426,-3.185486,3.185486,-1.000000,0.960082,0.057318,1.000000,0.000000,0.297619,-2.727625,0.720045,2.804153,0.115946,50.4865,0.170931,0.400688,1.578754,1.999620,4.712249,0.022796,81.8407,-0.007597,2.148540,5.215195,0
2016.09.09 04:05,625.15000,625.93000,625.15000,625.93000,0,1.000000,0.000000,1.000000,1.000000,0.000000,0.099345,1.668449,0.750000,0.709091,0.715596,0.710599,-0.638187,3.397201,4.662290,1.000000,-0.489083,0.015284,0.709091,1.974359,0.000000,1.102962,0.720045,2.804153,0.115946,50.4865,0.170931,0.400688,1.578754,1.999620,4.712249,0.022796,81.8407,-0.007597,2.148540,5.215195,0
2016.09.09 04:10,625.15000,625.80000,625.10000,625.80000,0,1.000000,-0.071429,0.928571,0.928571,-0.005102,0.137500,1.233480,-0.833333,0.608696,0.000000,0.598145,-0.039841,-0.293416,3.633228,1.000000,-0.703125,0.078125,0.608696,0.168831,0.076923,0.941611,0.720045,2.804153,0.115946,50.4865,0.170931,0.400688,1.578754,1.999620,4.712249,0.022796,81.8407,-0.007597,2.148540,5.215195,0
2016.09.09 04:15,625.80000,625.80000,625.20000,625.20000,0,0.000000,0.000000,1.000000,-1.000000,0.000000,-0.009745,0.912548,-1.416667,0.086957,-0.857143,-0.474804,1.399827,-1.581896,1.376250,-1.000000,-0.730858,-0.162413,0.521739,4.615385,0.000000,-1.639106,0.720045,2.804153,0.115946,50.4865,0.170931,0.400688,1.578754,1.999620,4.712249,0.022796,81.8407,-0.007597,2.148540,5.215195,0
2016.09.09 04:20,625.20000,625.20000,624.90000,625.00000,0,0.333333,-0.333333,0.666667,-0.444444,-0.111111,-0.183980,0.378549,-1.583333,0.074074,0.000000,-0.138158,-0.832094,-0.400049,1.055280,-0.333333,-1.279099,0.350438,0.222222,0.333333,0.500000,-0.174018,0.720045,2.804153,0.115946,50.4865,0.170931,0.400688,1.578754,1.999620,4.712249,0.022796,81.8407,-0.007597,2.148540,5.215195,-1
2016.09.09 04:25,625.00000,625.00000,624.65000,624.65000,0,0.000000,0.000000,1.000000,-1.000000,0.000000,-0.628037,0.588235,-2.083333,0.000000,0.000000,-0.213992,0.164364,-0.246791,0.206161,-1.000000,-1.495327,0.467290,0.273438,1.750000,0.000000,-0.442024,0.720045,2.804153,0.115946,50.4865,0.170931,0.400688,1.578754,1.999620,4.712249,0.022796,81.8407,-0.007597,2.148540,5.215195,-1
2016.09.09 04:30,624.65000,624.98000,624.64000,624.64000,0,0.000000,0.970588,0.029412,-0.029412,0.942042,-0.531481,0.697436,-2.083333,0.000000,0.000000,-0.198217,1.733667,-0.027499,0.451539,-1.000000,-1.518519,0.018519,0.293103,0.028571,33.000000,-0.033983,0.720045,2.804153,0.115946,50.4865,0.170931,0.400688,1.578754,1.999620,4.712249,0.022796,81.8407,-0.007597,2.148540,5.215195,-1
2016.09.09 04:35,624.70000,624.70000,624.70000,624.70000,0,0.000000,0.000000,0.000000,0.000000,0.000000,-0.276343,0.000000,-0.083333,0.051724,0.000000,0.000000,-0.998964,0.128506,0.157729,0.000000,-1.015965,-0.121916,0.000000,6.000000,0.000000,0.000000,0.720045,2.804153,0.115946,50.4865,0.170931,0.400688,1.578754,1.999620,4.712249,0.022796,81.8407,-0.007597,2.148540,5.215195,-1
2016.09.09 04:40,624.70000,624.70000,624.70000,624.70000,0,0.000000,0.000000,0.000000,0.000000,0.000000,-0.122807,0.000000,-0.083333,0.107143,0.000000,0.000000,1.000000,0.000000,0.401307,0.000000,-0.669856,-0.133971,0.000000,0.000000,0.000000,0.000000,0.720045,2.804153,0.115946,50.4865,0.170931,0.400688,1.578754,1.999620,4.712249,0.022796,81.8407,-0.007597,2.148540,5.215195,-1
2016.09.09 04:45,624.29000,624.29000,624.24000,624.24000,0,0.000000,0.000000,1.000000,-1.000000,0.000000,-0.169697,0.289855,-0.916667,0.000000,0.000000,-0.006232,30.476805,-0.452153,0.452153,-1.000000,-1.540670,0.893142,0.065789,0.000000,0.000000,-0.227601,0.720045,2.804153,0.115946,50.4865,0.170931,0.400688,1.578754,1.999620,4.712249,0.022796,81.8407,-0.007597,2.148540,5.215195,1
2016.09.09 04:50,624.24000,624.69000,624.00000,624.10000,0,0.144928,0.507246,0.202899,-0.173493,0.404327,-0.343312,7.076923,-1.250000,0.102041,0.000000,-1.183055,13.187294,-2.850396,2.214280,-0.710145,-0.022293,0.535032,0.704082,0.304348,3.928571,-0.471146,0.720045,2.804153,0.115946,50.4865,0.170931,0.400688,1.578754,1.999620,4.712249,0.022796,81.8407,-0.007597,2.148540,5.215195,0
2016.09.09 04:55,624.10000,624.78000,623.95000,624.06000,0,0.132530,0.686747,0.048193,-0.041806,0.653651,-0.391085,4.486486,-1.833333,0.132530,0.000000,-1.490569,-0.067174,-1.187792,1.114586,-0.734940,0.166419,0.104012,1.000000,0.285714,19.750000,-0.112020,0.720045,2.804153,0.115946,50.4865,0.170931,0.400688,1.578754,1.999620,4.712249,0.022796,81.8407,-0.007597,2.148540,5.215195,-1
2016.09.09 05:00,624.78000,625.00000,623.98000,623.98000,0,0.000000,0.215686,0.784314,-0.784314,0.046521,-0.306073,2.598726,-2.083333,0.028571,0.000000,-1.856906,2.636224,-2.851980,2.214765,-1.000000,0.415655,-0.056680,0.971429,2.000000,0.275000,-2.464591,0.127300,2.381806,-0.011737,39.7862,0.120807,0.067828,1.284502,1.999620,4.712249,0.022796,81.8407,-0.007597,2.148540,5.215195,0
2016.09.09 05:05,624.15000,625.00000,624.08000,625.00000,0,1.000000,-0.076087,0.923913,0.923913,-0.005789,0.234170,1.420849,-0.083333,1.000000,0.901961,1.183998,-0.972259,4.271354,4.686971,1.000000,0.000000,-0.217443,0.876190,12.750000,0.082353,0.079063,0.127300,2.381806,-0.011737,39.7862,0.120807,0.067828,1.284502,1.999620,4.712249,0.022796,81.8407,-0.007597,2.148540,5.215195,-1
2016.09.09 05:10,623.91000,624.99000,623.82000,624.99000,0,1.000000,-0.076923,0.923077,0.923077,-0.005917,0.450118,1.352601,-1.083333,0.991525,0.000000,1.874378,37.963662,-0.045056,4.312203,1.000000,-0.016548,0.215130,0.991525,0.009804,0.083333,1.860822,0.127300,2.381806,-0.011737,39.7862,0.120807,0.067828,1.284502,1.999620,4.712249,0.022796,81.8407,-0.007597,2.148540,5.215195,0
2016.09.09 05:15,623.97000,624.99000,623.85000,623.86000,0,0.008772,0.885965,0.096491,-0.095645,0.800477,0.096825,1.157360,-1.416667,0.033898,-0.974359,-1.637188,-0.618168,-2.937083,2.917800,-0.982456,-0.015873,-0.047619,0.966102,113.000000,9.363636,-0.071264,0.127300,2.381806,-0.011737,39.7862,0.120807,0.067828,1.284502,1.999620,4.712249,0.022796,81.8407,-0.007597,2.148540,5.215195,0
2016.09.09 05:20,623.75000,624.86000,623.46000,624.83000,0,0.978571,-0.185714,0.771429,0.754898,-0.042449,0.083493,1.317647,0.416667,0.889610,1.228070,2.178467,0.297541,1.220217,3.458296,0.957143,-0.208733,0.536741,0.909091,0.858407,0.296296,0.675333,0.127300,2.381806,-0.011737,39.7862,0.120807,0.067828,1.284502,1.999620,4.712249,0.022796,81.8407,-0.007597,2.148540,5.215195,0
2016.09.09 05:25,623.88000,624.02000,623.88000,623.97000,0,0.642857,0.357143,0.642857,0.413265,0.127551,-0.319097,0.120950,-1.083333,0.331169,0.000000,0.020247,-0.991996,-0.561540,1.674867,0.285714,-1.394251,-0.603696,0.090909,0.886598,0.555556,0.006692,0.127300,2.381806,-0.011737,39.7862,0.120807,0.067828,1.284502,1.999620,4.712249,0.022796,81.8407,-0.007597,2.148540,5.215195,1
2016.09.09 05:30,623.68000,623.73000,623.66000,623.67000,0,0.142857,0.571429,0.142857,-0.122449,0.489796,-0.363282,0.072727,-1.416667,0.137255,-0.500000,-0.005051,5.381546,-0.015369,0.734991,-0.714286,-1.809231,-0.287179,0.045752,0.348837,6.000000,-0.009496,0.127300,2.381806,-0.011737,39.7862,0.120807,0.067828,1.284502,1.999620,4.712249,0.022796,81.8407,-0.007597,2.148540,5.215195,1
2016.09.09 05:35,623.67000,624.81000,623.67000,623.67000,0,0.000000,1.000000,0.000000,0.000000,1.000000,-0.204554,1.658182,-0.583333,0.137255,0.000000,0.000000,-0.951807,0.000000,0.015424,-1.000000,-0.066414,-0.278937,0.745098,0.000000,0.000000,0.000000,0.127300,2.381806,-0.011737,39.7862,0.120807,0.067828,1.284502,1.999620,4.712249,0.022796,81.8407,-0.007597,2.148540,5.215195,0
2016.09.09 05:40,624.80000,624.95000,623.83000,624.95000,0,1.000000,-0.866071,0.133929,0.133929,-0.750080,-0.007317,1.629091,0.416667,1.000000,0.000000,0.932778,280.326202,1.273168,1.273168,1.000000,0.170732,-0.207317,0.751678,0.000000,6.466667,0.264327,0.127300,2.381806,-0.011737,39.7862,0.120807,0.067828,1.284502,1.999620,4.712249,0.022796,81.8407,-0.007597,2.148540,5.215195,0
2016.09.09 05:45,624.95000,624.95000,623.94000,623.94000,0,0.000000,0.000000,1.000000,-1.000000,0.000000,0.137409,1.635628,-0.750000,0.217054,-0.901786,-0.647033,-0.871979,-1.539127,3.274170,-1.000000,0.000000,-0.315366,0.782946,0.789062,0.000000,-0.526701,0.127300,2.381806,-0.011737,39.7862,0.120807,0.067828,1.284502,1.999620,4.712249,0.022796,81.8407,-0.007597,2.148540,5.215195,0
2016.09.09 05:50,624.95000,624.95000,623.95000,623.95000,0,0.000000,0.000000,1.000000,-1.000000,0.000000,0.086458,1.197605,0.833333,0.224806,0.000000,-0.542535,-0.847220,0.003015,2.327414,-1.000000,0.000000,-0.291667,0.775194,0.009901,0.000000,-0.079942,0.127300,2.381806,-0.011737,39.7862,0.120807,0.067828,1.284502,1.999620,4.712249,0.022796,81.8407,-0.007597,2.148540,5.215195,0
2016.09.09 05:55,623.95000,624.94000,623.95000,624.94000,0,1.000000,0.000000,1.000000,1.000000,0.000000,0.154331,0.927400,1.416667,0.992188,0.990000,0.492157,44.116927,1.345499,1.343271,1.000000,-0.010021,-0.120258,0.773437,99.000000,0.000000,2.169440,0.127300,2.381806,-0.011737,39.7862,0.120807,0.067828,1.284502,1.999620,4.712249,0.022796,81.8407,-0.007597,2.148540,5.215195,0
2016.09.09 06:00,624.95000,624.95000,623.97000,624.92000,0,0.969388,-0.969388,0.030612,-0.000937,-0.939713,0.092286,0.951456,-0.416667,0.973214,-0.989899,-0.462849,-0.038376,-0.051625,1.383231,0.938776,0.000000,-0.029453,0.875000,0.020202,31.666667,-0.045118,0.218671,2.681772,-0.077532,47.3159,0.065547,0.110693,1.374675,1.999620,4.712249,0.022796,81.8407,-0.007597,2.148540,5.215195,0
2016.09.09 06:05,624.98000,625.00000,623.99000,623.99000,0,0.000000,0.019802,0.980198,-0.980198,0.000392,0.103740,1.015075,-0.916667,0.047170,0.000000,-0.479440,-0.954946,-1.425327,1.365500,-1.000000,0.048476,-0.038781,0.952830,46.500000,0.020202,-0.097883,0.218671,2.681772,-0.077532,47.3159,0.065547,0.110693,1.374675,1.999620,4.712249,0.022796,81.8407,-0.007597,2.148540,5.215195,0
2016.09.09 06:10,623.98000,623.98000,623.36000,623.36000,0,0.000000,0.000000,1.000000,-1.000000,0.000000,-0.212242,0.623116,-1.583333,0.000000,0.000000,-0.190834,7.201014,-0.562102,1.524894,-1.000000,-1.016370,0.587900,0.378049,0.677419,0.000000,-0.747248,0.218671,2.681772,-0.077532,47.3159,0.065547,0.110693,1.374675,1.999620,4.712249,0.022796,81.8407,-0.007597,2.148540,5.215195,0
2016.09.09 06:15,623.49000,623.49000,623.31000,623.31000,0,0.000000,0.000000,1.000000,-1.000000,0.000000,-0.510825,0.200000,-2.083333,0.000000,0.000000,-0.018196,-0.487293,-0.059486,0.496344,-1.000000,-1.600303,0.052990,0.106509,0.079365,0.000000,-0.358985,0.218671,2.681772,-0.077532,47.3159,0.065547,0.110693,1.374675,1.999620,4.712249,0.022796,81.8407,-0.007597,2.148540,5.215195,1
2016.09.09 06:20,623.31000,623.31000,623.07000,623.07000,0,0.000000,0.000000,1.000000,-1.000000,0.000000,-0.499756,0.344086,-2.083333,0.000000,0.000000,-0.037494,0.330979,-0.377173,0.277741,-1.000000,-1.928280,0.273839,0.124352,4.800000,0.000000,-0.680407,0.218671,2.681772,-0.077532,47.3159,0.065547,0.110693,1.374675,1.999620,4.712249,0.022796,81.8407,-0.007597,2.148540,5.215195,1
2016.09.09 06:25,623.07000,623.11000,623.07000,623.08000,0,0.250000,0.750000,0.250000,0.062500,0.562500,-0.264458,0.078049,-0.083333,0.005181,0.166667,0.001257,-0.863068,0.010486,0.398093,-0.500000,-1.090421,0.000000,0.020725,0.041667,3.000000,0.048472,0.218671,2.681772,-0.077532,47.3159,0.065547,0.110693,1.374675,1.999620,4.712249,0.022796,81.8407,-0.007597,2.148540,5.215195,1
2016.09.09 06:30,624.59000,624.59000,624.59000,624.59000,0,0.000000,0.000000,0.000000,0.000000,0.000000,0.276773,0.000000,0.916667,1.000000,0.000000,0.000000,-0.939247,0.610207,0.578571,0.000000,1.365248,-1.886525,0.000000,151.000000,0.000000,0.000000,0.218671,2.681772,-0.077532,47.3159,0.065547,0.110693,1.374675,1.999620,4.712249,0.022796,81.8407,-0.007597,2.148540,5.215195,-1
2016.09.09 06:35,623.06000,624.52000,623.06000,623.06000,0,0.000000,1.000000,0.000000,0.000000,1.000000,0.120405,12.695652,-0.416667,0.000000,0.000000,0.000000,729.206888,-4.621747,4.730646,-1.000000,-0.082631,0.011804,0.954248,1.013245,0.000000,0.000000,0.218671,2.681772,-0.077532,47.3159,0.065547,0.110693,1.374675,1.999620,4.712249,0.022796,81.8407,-0.007597,2.148540,5.215195,0
2016.09.09 06:40,623.06000,624.49000,623.06000,623.08000,0,0.013986,0.986014,0.013986,0.000196,0.972224,0.000000,3.287356,1.083333,0.013072,0.000000,1.189457,-0.054614,0.115923,4.680745,-0.972028,-0.107858,0.000000,0.934641,0.013072,70.500000,0.030981,0.218671,2.681772,-0.077532,47.3159,0.065547,0.110693,1.374675,1.999620,4.712249,0.022796,81.8407,-0.007597,2.148540,5.215195,0
2016.09.09 06:45,623.09000,624.49000,623.08000,624.48000,0,0.992908,0.000000,0.985816,0.978824,0.000000,0.136302,1.924915,1.416667,0.928105,0.000000,1.109769,2.022672,3.838121,3.810026,0.985816,-0.105660,-0.021132,0.921569,70.000000,0.014388,2.915399,0.218671,2.681772,-0.077532,47.3159,0.065547,0.110693,1.374675,1.999620,4.712249,0.022796,81.8407,-0.007597,2.148540,5.215195,0
2016.09.09 06:50,624.48000,624.48000,623.08000,624.48000,0,1.000000,-1.000000,0.000000,0.000000,-1.000000,0.125654,1.302326,0.583333,0.928105,0.000000,0.000000,-0.999281,0.000000,3.839159,1.000000,-0.041885,-0.020942,0.915033,0.000000,0.000000,0.000000,0.218671,2.681772,-0.077532,47.3159,0.065547,0.110693,1.374675,1.999620,4.712249,0.022796,81.8407,-0.007597,2.148540,5.215195,0
2016.09.09 06:55,623.16000,623.16000,623.16000,623.16000,0,0.000000,0.000000,0.000000,0.000000,0.000000,0.163743,0.000000,-0.416667,0.068493,0.000000,0.000000,-0.667371,-0.002617,0.002617,0.000000,-1.361111,-0.102339,0.000000,0.000000,0.000000,0.000000,0.218671,2.681772,-0.077532,47.3159,0.065547,0.110693,1.374675,1.999620,4.712249,0.022796,81.8407,-0.007597,2.148540,5.215195,1
2016.09.09 07:00,624.99000,624.99000,623.05000,623.35000,0,0.154639,-0.154639,0.845361,-0.714635,-0.023913,-0.074743,1.830189,0.750000,0.154639,0.000000,-1.727942,1932.589367,0.223764,0.226979,-0.690722,0.479124,0.028747,1.000000,0.143939,0.182927,-1.090115,-0.491054,2.039872,-0.179872,41.8988,0.055029,-0.246039,1.035191,1.999620,4.712249,0.022796,81.8407,-0.007597,2.148540,5.215195,-1
2016.09.09 07:05,623.05000,623.35000,622.16000,622.16000,0,0.000000,0.252101,0.747899,-0.747899,0.063555,-0.545442,1.002105,-0.833333,0.000000,0.000000,-0.632718,-0.197603,-1.686325,1.835657,-1.000000,-1.550304,0.841323,0.420495,6.263158,0.337079,-0.758144,-0.491054,2.039872,-0.179872,41.8988,0.055029,-0.246039,1.035191,1.999620,4.712249,0.022796,81.8407,-0.007597,2.148540,5.215195,0
2016.09.09 07:10,622.40000,622.44000,622.19000,622.21000,0,0.080000,0.080000,0.760000,-0.699200,0.019200,-0.549681,0.220751,0.583333,0.017668,0.000000,-0.030765,-0.824954,0.098947,4.596040,-0.840000,-2.530120,-0.029766,0.088339,0.042017,0.315789,-0.274674,-0.491054,2.039872,-0.179872,41.8988,0.055029,-0.246039,1.035191,1.999620,4.712249,0.022796,81.8407,-0.007597,2.148540,5.215195,1
2016.09.09 07:15,622.17000,623.97000,622.17000,622.22000,0,0.027778,0.972222,0.027778,0.000772,0.945216,-0.283758,2.130178,1.416667,0.021201,7.200000,1.430206,5.661872,0.022484,0.076018,-0.944444,-0.958389,-0.009396,0.636042,0.200000,35.000000,0.045166,-0.491054,2.039872,-0.179872,41.8988,0.055029,-0.246039,1.035191,1.999620,4.712249,0.022796,81.8407,-0.007597,2.148540,5.215195,1
2016.09.09 07:20,622.21000,623.04000,622.00000,623.04000,0,1.000000,-0.201923,0.798077,0.798077,-0.040773,-0.051208,0.803089,1.583333,0.347826,0.000000,0.452212,-0.313666,1.755318,1.740710,1.000000,-0.850425,0.146310,0.347826,82.000000,0.253012,0.727441,-0.491054,2.039872,-0.179872,41.8988,0.055029,-0.246039,1.035191,1.999620,4.712249,0.022796,81.8407,-0.007597,2.148540,5.215195,1
2016.09.09 07:25,623.04000,623.31000,621.51000,621.55000,0,0.022222,0.127778,0.827778,-0.809383,0.022006,-0.032250,1.682243,0.083333,0.016260,-1.730769,-1.107789,1.861096,-2.570384,3.469658,-0.955556,-0.545777,0.405198,0.731707,1.817073,0.208054,-1.746354,-0.491054,2.039872,-0.179872,41.8988,0.055029,-0.246039,1.035191,1.999620,4.712249,0.022796,81.8407,-0.007597,2.148540,5.215195,1
2016.09.09 07:30,621.57000,621.57000,621.50000,621.50000,0,0.000000,0.000000,1.000000,-1.000000,0.000000,-0.174582,0.057260,-0.916667,0.000000,0.000000,-0.001710,-0.993543,-0.090043,3.505611,-1.000000,-2.004773,0.008353,0.028340,0.033557,0.000000,-0.016640,-0.491054,2.039872,-0.179872,41.8988,0.055029,-0.246039,1.035191,1.999620,4.712249,0.022796,81.8407,-0.007597,2.148540,5.215195,1
2016.09.09 07:35,621.52000,623.62000,621.51000,621.80000,0,0.137441,0.857820,0.132701,0.018239,0.743986,-0.176858,1.791932,0.416667,0.121457,30.142857,1.229219,78.342628,0.265974,0.352016,-0.725118,0.230361,-0.007431,0.854251,6.000000,6.535714,0.143003,-0.491054,2.039872,-0.179872,41.8988,0.055029,-0.246039,1.035191,1.999620,4.712249,0.022796,81.8407,-0.007597,2.148540,5.215195,1
2016.09.09 07:40,623.37000,627.49000,621.87000,623.31000,0,0.256228,0.476868,0.010676,-0.007941,0.471777,0.048045,4.478088,0.916667,0.302170,-2.663507,-5.841012,5.145920,3.269488,3.177249,-0.487544,2.353606,-0.225022,0.938230,5.033333,92.666667,-0.033473,-0.491054,2.039872,-0.179872,41.8988,0.055029,-0.246039,1.035191,1.999620,4.712249,0.022796,81.8407,-0.007597,2.148540,5.215195,0
2016.09.09 07:45,623.31000,624.66000,623.04000,624.66000,0,1.000000,-0.166667,0.833333,0.833333,-0.027778,0.486456,0.675000,1.583333,0.527546,0.288256,0.481566,-0.830538,1.953210,0.220296,1.000000,-1.714409,-0.932929,0.270451,0.894040,0.200000,0.426293,-0.491054,2.039872,-0.179872,41.8988,0.055029,-0.246039,1.035191,1.999620,4.712249,0.022796,81.8407,-0.007597,2.148540,5.215195,0
2016.09.09 07:50,624.00000,625.31000,624.00000,625.31000,0,1.000000,0.000000,1.000000,1.000000,0.000000,0.638191,0.556263,2.083333,0.636060,0.000000,0.318193,-0.515626,0.228859,1.985810,1.000000,-1.327534,-1.516311,0.218698,0.481481,0.000000,0.288899,-0.491054,2.039872,-0.179872,41.8988,0.055029,-0.246039,1.035191,1.999620,4.712249,0.022796,81.8407,-0.007597,2.148540,5.215195,0
2016.09.09 07:55,624.96000,624.96000,624.50000,624.50000,0,0.000000,0.000000,1.000000,-1.000000,0.000000,0.462707,0.172608,0.083333,0.500000,-0.351145,-0.041365,-0.670373,-0.121238,0.345557,-1.000000,-1.581956,-1.644484,0.076923,1.246154,0.000000,-0.093702,-0.491054,2.039872,-0.179872,41.8988,0.055029,-0.246039,1.035191,1.999620,4.712249,0.022796,81.8407,-0.007597,2.148540,5.215195,0
2016.09.09 08:00,624.01000,624.01000,623.43000,624.00000,0,0.982759,-0.982759,0.017241,-0.000297,-0.965815,0.077425,0.257492,-0.916667,0.379004,0.000000,-0.067744,0.300283,-0.042957,0.078901,0.965517,-0.825023,-0.247507,0.103203,0.617284,57.000000,-0.002307,-0.066212,2.211427,-0.089476,48.6049,0.126940,-0.035536,1.201552,1.640849,4.316975,-0.044945,77.4698,0.004211,1.791166,4.854257,0
2016.09.09 08:05,623.47000,624.00000,623.40000,623.40000,0,0.000000,0.883333,0.116667,-0.116667,0.780278,-0.251265,0.604534,-1.583333,0.158590,0.000000,-0.077471,0.532876,-0.139596,0.058422,-1.000000,-0.859419,0.019681,0.264317,1.200000,7.571429,-0.085709,-0.066212,2.211427,-0.089476,48.6049,0.126940,-0.035536,1.201552,1.640849,4.316975,-0.044945,77.4698,0.004211,1.791166,4.854257,-1
2016.09.09 08:10,623.41000,623.41000,623.41000,623.41000,0,0.000000,0.000000,0.000000,0.000000,0.000000,-0.353426,0.000000,-0.083333,0.005236,0.000000,0.000000,-0.995025,0.008057,0.802562,0.000000,-1.117980,-0.007213,0.000000,0.016667,0.000000,0.000000,-0.066212,2.211427,-0.089476,48.6049,0.126940,-0.035536,1.201552,1.640849,4.316975,-0.044945,77.4698,0.004211,1.791166,4.854257,-1
2016.09.09 08:15,624.00000,624.00000,623.41000,623.41000,0,0.000000,0.000000,1.000000,-1.000000,0.000000,-0.206167,1.439024,-0.083333,0.006410,0.000000,-0.096417,-0.333333,0.000000,0.015643,-1.000000,-0.007443,-0.007443,0.378205,0.000000,0.000000,-0.007675,-0.066212,2.211427,-0.089476,48.6049,0.126940,-0.035536,1.201552,1.640849,4.316975,-0.044945,77.4698,0.004211,1.791166,4.854257,-1
2016.09.09 08:20,623.41000,623.41000,623.00000,623.00000,0,0.000000,0.000000,1.000000,-1.000000,0.000000,-0.147096,0.926554,-0.916667,0.000000,0.000000,-0.045923,200.367479,-0.743146,0.743146,-1.000000,-0.436114,0.295671,0.405941,0.000000,0.000000,-1.435185,-0.066212,2.211427,-0.089476,48.6049,0.126940,-0.035536,1.201552,1.640849,4.316975,-0.044945,77.4698,0.004211,1.791166,4.854257,0
2016.09.09 08:25,623.00000,623.00000,621.86000,621.87000,0,0.008772,-0.008772,0.991228,-0.982533,-0.000077,-0.265755,2.850000,-1.250000,0.004673,0.000000,-0.381139,1.831084,-3.470789,3.140891,-0.982456,-0.765864,0.873085,0.532710,2.756098,0.008850,-2.629930,-0.066212,2.211427,-0.089476,48.6049,0.126940,-0.035536,1.201552,1.640849,4.316975,-0.044945,77.4698,0.004211,1.791166,4.854257,-1
2016.09.09 08:30,622.98000,623.00000,622.16000,623.00000,0,1.000000,-0.976190,0.023810,0.023810,-0.952948,-0.179858,1.570093,0.166667,0.532710,0.736842,0.204912,-0.261127,2.695213,4.793299,1.000000,-0.762112,-0.228634,0.392523,1.000000,41.000000,0.041920,-0.066212,2.211427,-0.089476,48.6049,0.126940,-0.035536,1.201552,1.640849,4.316975,-0.044945,77.4698,0.004211,1.791166,4.854257,-1
2016.09.09 08:35,623.00000,623.40000,622.18000,622.18000,0,0.000000,0.327869,0.672131,-0.672131,0.107498,-0.193592,1.637584,-1.083333,0.149533,-1.452381,-0.460886,0.448862,-1.447637,3.365303,-1.000000,-0.007870,-0.251827,0.570093,0.725664,0.487805,-1.137267,-0.066212,2.211427,-0.089476,48.6049,0.126940,-0.035536,1.201552,1.640849,4.316975,-0.044945,77.4698,0.004211,1.791166,4.854257,-1
2016.09.09 08:40,623.00000,623.00000,623.00000,623.00000,0,0.000000,0.000000,0.000000,0.000000,0.000000,0.023409,0.000000,0.583333,0.735484,0.000000,0.000000,-0.997544,0.733099,1.968483,0.000000,-0.302050,-0.860841,0.000000,1.000000,0.000000,0.000000,-0.066212,2.211427,-0.089476,48.6049,0.126940,-0.035536,1.201552,1.640849,4.316975,-0.044945,77.4698,0.004211,1.791166,4.854257,-1
2016.09.09 08:45,622.33000,622.35000,622.33000,622.35000,0,1.000000,0.000000,1.000000,1.000000,0.000000,0.078642,0.025000,-0.583333,0.318182,0.000000,0.000134,5.992697,-0.011631,0.761176,1.000000,-0.860152,-0.139263,0.012987,0.792683,0.000000,0.032478,-0.066212,2.211427,-0.089476,48.6049,0.126940,-0.035536,1.201552,1.640849,4.316975,-0.044945,77.4698,0.004211,1.791166,4.854257,-1
2016.09.09 08:50,623.00000,623.00000,620.01000,620.01000,0,0.000000,0.000000,1.000000,-1.000000,0.000000,-0.565254,5.750000,-1.416667,0.000000,-149.500000,-4.231037,162.383369,-3.102434,3.096465,-1.000000,-0.389159,2.111188,0.882006,3.600000,0.000000,-3.111673,-0.066212,2.211427,-0.089476,48.6049,0.126940,-0.035536,1.201552,1.640849,4.316975,-0.044945,77.4698,0.004211,1.791166,4.854257,-1
2016.09.09 08:55,621.16000,621.16000,619.88000,620.88000,0,0.781250,-0.781250,0.218750,-0.047852,-0.610352,-0.557011,1.210402,0.416667,0.284091,0.000000,-0.813380,-0.324547,1.583698,4.143003,0.562500,-1.833452,0.129537,0.363636,0.371795,3.571429,-0.362244,-0.066212,2.211427,-0.089476,48.6049,0.126940,-0.035536,1.201552,1.640849,4.316975,-0.044945,77.4698,0.004211,1.791166,4.854257,-1
2016.09.09 09:00,621.64000,621.64000,618.60000,619.48000,0,0.289474,-0.289474,0.710526,-0.504848,-0.083795,-0.755006,2.834499,-1.083333,0.200000,0.000000,-3.637134,0.401911,-1.780262,2.922211,-0.421053,-1.206591,1.135615,0.690909,1.609195,0.407407,-1.280595,-1.013295,0.996647,-0.190896,37.6276,0.191124,-0.577992,0.575090,1.640849,4.316975,-0.044945,77.4698,0.004211,1.791166,4.854257,0
2016.09.09 09:05,619.44000,620.00000,619.44000,620.00000,0,1.000000,0.000000,1.000000,1.000000,0.000000,-0.471475,0.305593,0.583333,0.318182,0.184211,0.127426,-0.827367,0.433506,2.137392,1.000000,-2.704443,-0.757244,0.127273,0.371429,0.000000,0.292772,-1.013295,0.996647,-0.190896,37.6276,0.191124,-0.577992,0.575090,1.640849,4.316975,-0.044945,77.4698,0.004211,1.791166,4.854257,1
2016.09.09 09:10,620.00000,620.00000,619.51000,619.51000,0,0.000000,0.000000,1.000000,-1.000000,0.000000,-0.176054,0.249047,-0.583333,0.206818,-0.875000,-0.105278,-0.994676,-0.059734,0.488353,-1.000000,-1.535786,-0.852174,0.111364,0.942308,0.000000,-0.001563,-1.013295,0.996647,-0.190896,37.6276,0.191124,-0.577992,0.575090,1.640849,4.316975,-0.044945,77.4698,0.004211,1.791166,4.854257,1
2016.09.09 09:15,620.00000,620.99000,620.00000,620.99000,0,1.000000,0.000000,1.000000,1.000000,0.000000,0.022110,0.737430,0.583333,0.786184,2.020408,0.383296,330.456624,0.444114,0.527756,1.000000,-0.574858,-1.238155,0.325658,3.020408,0.000000,0.694192,-1.013295,0.996647,-0.190896,37.6276,0.191124,-0.577992,0.575090,1.640849,4.316975,-0.044945,77.4698,0.004211,1.791166,4.854257,0
2016.09.09 09:20,619.60000,619.60000,619.59000,619.59000,0,0.000000,0.000000,1.000000,-1.000000,0.000000,0.098374,0.007874,-0.583333,0.325658,-0.010101,-0.000033,-0.988936,-0.541494,1.109365,-1.000000,-1.130081,-0.121951,0.003289,0.945946,0.000000,-0.011380,-1.013295,0.996647,-0.190896,37.6276,0.191124,-0.577992,0.575090,1.640849,4.316975,-0.044945,77.4698,0.004211,1.791166,4.854257,1
2016.09.09 09:25,619.60000,619.67000,619.59000,619.59000,0,0.000000,0.875000,0.125000,-0.125000,0.765625,-0.061999,0.156098,-0.416667,0.096774,0.000000,-0.002246,0.181818,0.000000,1.364843,-1.000000,-1.105925,-0.067026,0.051613,0.000000,7.000000,-0.005136,-1.013295,0.996647,-0.190896,37.6276,0.191124,-0.577992,0.575090,1.640849,4.316975,-0.044945,77.4698,0.004211,1.791166,4.854257,1
2016.09.09 09:30,619.59000,621.27000,619.46000,621.27000,0,1.000000,-0.071823,0.928177,0.928177,-0.005159,0.163887,4.611465,0.916667,1.000000,22.625000,0.978918,237.568198,3.116306,3.116306,1.000000,0.216455,0.100497,1.000000,0.000000,0.077381,3.490821,-1.013295,0.996647,-0.190896,37.6276,0.191124,-0.577992,0.575090,1.640849,4.316975,-0.044945,77.4698,0.004211,1.791166,4.854257,0
2016.09.09 09:35,620.84000,621.00000,619.72000,621.00000,0,1.000000,-0.875000,0.125000,0.125000,-0.765625,0.128510,1.771626,-0.750000,0.850829,0.000000,0.468127,-0.998707,-0.468135,3.389443,1.000000,-0.204104,-0.196544,0.707182,0.160714,7.000000,0.000608,-1.013295,0.996647,-0.190896,37.6276,0.191124,-0.577992,0.575090,1.640849,4.316975,-0.044945,77.4698,0.004211,1.791166,4.854257,-1
2016.09.09 09:40,620.02000,620.02000,619.76000,620.02000,0,1.000000,-1.000000,0.000000,0.000000,-1.000000,0.170585,0.327044,-1.166667,0.309392,0.000000,0.000000,67.641506,-0.176813,0.363928,1.000000,-0.939345,-0.225443,0.143646,3.629630,0.000000,0.000000,-1.013295,0.996647,-0.190896,37.6276,0.191124,-0.577992,0.575090,1.640849,4.316975,-0.044945,77.4698,0.004211,1.791166,4.854257,-1
2016.09.09 09:45,620.02000,620.02000,619.77000,619.77000,0,0.000000,0.000000,1.000000,-1.000000,0.000000,-0.070555,0.291545,-1.583333,0.171271,0.000000,-0.019639,-0.989095,-0.054321,0.159382,-1.000000,-0.990940,-0.245753,0.138122,0.255102,0.000000,-0.004427,-1.013295,0.996647,-0.190896,37.6276,0.191124,-0.577992,0.575090,1.640849,4.316975,-0.044945,77.4698,0.004211,1.791166,4.854257,-1
2016.09.09 09:50,619.60000,619.98000,618.96000,618.96000,0,0.000000,0.372549,0.627451,-0.627451,0.138793,-0.458567,1.133333,-2.083333,0.000000,0.000000,-0.319642,489.691192,-0.787753,0.741991,-1.000000,-0.799552,0.595745,0.441558,3.240000,0.593750,-0.953663,-1.013295,0.996647,-0.190896,37.6276,0.191124,-0.577992,0.575090,1.640849,4.316975,-0.044945,77.4698,0.004211,1.791166,4.854257,-1
2016.09.09 09:55,619.98000,619.98000,618.76000,618.76000,0,0.000000,0.000000,1.000000,-1.000000,0.000000,-0.421293,1.736655,-2.083333,0.000000,0.000000,-0.430366,-0.142747,-0.936683,1.109737,-1.000000,-0.030418,0.152091,0.544643,0.246914,0.000000,-2.092715,-1.013295,0.996647,-0.190896,37.6276,0.191124,-0.577992,0.575090,1.640849,4.316975,-0.044945,77.4698,0.004211,1.791166,4.854257,-1
2016.09.09 10:00,618.77000,618.77000,617.15000,617.50000,0,0.216049,-0.216049,0.783951,-0.614579,-0.046677,-0.497066,2.356364,-2.083333,0.121951,0.000000,-0.885762,0.693538,-3.365078,2.936074,-0.567901,-1.026995,1.322770,0.564460,6.300000,0.275591,-1.629117,-1.455121,0.322156,-0.394609,34.1270,0.232424,-0.864925,0.193534,1.640849,4.316975,-0.044945,77.4698,0.004211,1.791166,4.854257,-1
2016.09.09 10:05,617.49000,617.49000,616.62000,616.86000,0,0.275862,-0.275862,0.724138,-0.524376,-0.076100,-0.612500,0.846715,-2.083333,0.070588,0.000000,-0.267891,-0.299561,-1.382824,1.160552,-0.448276,-2.094952,0.445913,0.255882,0.507937,0.380952,-0.852194,-1.455121,0.322156,-0.394609,34.1270,0.232424,-0.864925,0.193534,1.640849,4.316975,-0.044945,77.4698,0.004211,1.791166,4.854257,-1
2016.09.09 10:10,616.86000,616.98000,612.93000,615.22000,0,0.565432,-0.535802,0.404938,-0.175973,-0.318836,-0.744023,3.424947,-2.083333,0.324823,0.000000,-5.159964,5.925024,-3.502799,3.085289,0.130864,-2.379603,2.926912,0.574468,2.562500,1.469512,-1.256319,-1.455121,0.322156,-0.394609,34.1270,0.232424,-0.864925,0.193534,1.640849,4.316975,-0.044945,77.4698,0.004211,1.791166,4.854257,0
2016.09.09 10:15,616.79000,617.00000,615.84000,615.93000,0,0.077586,0.103448,0.741379,-0.683859,0.026754,-0.589083,0.597938,-0.083333,0.425532,0.000000,-0.370338,-0.641069,1.366943,4.025856,-0.844828,-1.313196,-2.158983,0.164539,0.432927,0.348837,-0.726629,-1.455121,0.322156,-0.394609,34.1270,0.232424,-0.864925,0.193534,1.640849,4.316975,-0.044945,77.4698,0.004211,1.791166,4.854257,1
2016.09.09 10:20,616.03000,616.13000,615.95000,616.13000,0,1.000000,-0.444444,0.555556,0.555556,-0.197531,-0.276534,0.093506,0.916667,0.547945,0.155172,0.009198,-0.951106,0.105901,1.252276,1.000000,-1.024758,-2.275565,0.030822,0.281690,0.800000,0.028211,-1.455121,0.322156,-0.394609,34.1270,0.232424,-0.864925,0.193534,1.640849,4.316975,-0.044945,77.4698,0.004211,1.791166,4.854257,1
2016.09.09 10:25,616.99000,617.00000,616.33000,616.33000,0,0.000000,0.014925,0.985075,-0.985075,0.000223,-0.011686,0.428115,1.583333,0.745614,-3.722222,-0.136232,-0.983601,0.005667,0.113972,-1.000000,0.000000,-2.648859,0.146930,1.000000,0.015152,-0.000931,-1.455121,0.322156,-0.394609,34.1270,0.232424,-0.864925,0.193534,1.640849,4.316975,-0.044945,77.4698,0.004211,1.791166,4.854257,1
2016.09.09 10:30,616.71000,617.00000,616.42000,616.86000,0,0.758621,-0.258621,0.258621,0.196195,-0.191736,0.298840,0.382838,2.083333,0.965602,0.865672,0.110919,557.813460,0.141715,0.135787,0.517241,0.000000,-0.470998,0.142506,2.650000,2.866667,0.134967,-1.455121,0.322156,-0.394609,34.1270,0.232424,-0.864925,0.193534,1.640849,4.316975,-0.044945,77.4698,0.004211,1.791166,4.854257,1
2016.09.09 10:35,617.00000,617.98000,617.00000,617.65000,0,0.663265,0.336735,0.663265,0.439921,0.113390,0.319365,1.513514,2.083333,0.845794,0.000000,0.281660,-0.716055,0.629857,0.300062,0.326531,0.750547,-0.804158,0.457944,1.490566,0.507692,0.259088,-1.455121,0.322156,-0.394609,34.1270,0.232424,-0.864925,0.193534,1.640849,4.316975,-0.044945,77.4698,0.004211,1.791166,4.854257,1
2016.09.09 10:40,617.98000,619.00000,617.71000,618.00000,0,0.224806,0.565891,0.015504,0.003485,0.557118,0.397531,2.141079,2.083333,0.672131,0.000000,0.513559,5.540546,1.343429,0.477652,-0.550388,0.801347,-1.084175,0.422951,0.443038,63.500000,0.044238,-1.455121,0.322156,-0.394609,34.1270,0.232424,-0.864925,0.193534,1.640849,4.316975,-0.044945,77.4698,0.004211,1.791166,4.854257,0
2016.09.09 10:45,617.73000,618.00000,617.73000,617.74000,0,0.037037,0.962963,0.037037,0.001372,0.927298,0.335187,0.306818,0.083333,0.528090,0.000000,0.026115,-0.998390,-0.862665,2.199444,-0.925926,-0.846433,-1.108827,0.101124,0.742857,26.000000,0.000176,-1.455121,0.322156,-0.394609,34.1270,0.232424,-0.864925,0.193534,1.640849,4.316975,-0.044945,77.4698,0.004211,1.791166,4.854257,1
2016.09.09 10:50,617.99000,619.88000,617.99000,618.16000,0,0.089947,0.910053,0.089947,0.008090,0.828196,0.215940,2.423077,1.083333,0.502890,0.000000,1.150951,701.877560,1.205518,1.865429,-0.820106,0.706422,-0.794725,0.546243,1.615385,10.117647,0.180058,-1.455121,0.322156,-0.394609,34.1270,0.232424,-0.864925,0.193534,1.640849,4.316975,-0.044945,77.4698,0.004211,1.791166,4.854257,0
2016.09.09 10:55,619.95000,619.97000,618.82000,619.70000,0,0.765217,-0.747826,0.217391,-0.051040,-0.585255,0.313895,1.038375,1.416667,0.909091,-0.608466,-0.359017,-0.490762,3.044796,2.493340,0.530435,0.066316,-0.817895,0.387205,3.666667,3.600000,-0.218346,-1.455121,0.322156,-0.394609,34.1270,0.232424,-0.864925,0.193534,1.640849,4.316975,-0.044945,77.4698,0.004211,1.791166,4.854257,0
2016.09.09 11:00,619.29000,619.98000,618.60000,619.54000,0,0.681159,-0.181159,0.181159,0.123398,-0.148341,0.364463,1.200000,-0.416667,0.806167,1.200000,0.497936,0.100613,-0.243886,3.560816,0.362319,0.007231,-0.629132,0.607930,0.103896,4.520000,0.171551,-1.089499,0.503443,-0.339021,48.6002,0.231300,-0.652245,0.304296,1.640849,4.316975,-0.044945,77.4698,0.004211,1.791166,4.854257,1
2016.09.09 11:05,619.50000,619.98000,619.50000,619.98000,0,1.000000,0.000000,1.000000,1.000000,0.000000,0.440602,0.409382,1.083333,1.000000,0.000000,0.065125,-0.977071,0.370626,0.622060,1.000000,0.000000,-1.135338,0.213333,2.750000,0.000000,0.030780,-1.089499,0.503443,-0.339021,48.6002,0.231300,-0.652245,0.304296,1.640849,4.316975,-0.044945,77.4698,0.004211,1.791166,4.854257,-1
2016.09.09 11:10,619.98000,619.98000,619.27000,619.27000,0,0.000000,0.000000,1.000000,-1.000000,0.000000,0.197628,0.579592,-0.583333,0.643216,-1.479167,-0.157509,4.593587,-0.093079,0.483262,-1.000000,0.000000,-0.529644,0.356784,1.613636,0.000000,-0.166733,-1.089499,0.503443,-0.339021,48.6002,0.231300,-0.652245,0.304296,1.640849,4.316975,-0.044945,77.4698,0.004211,1.791166,4.854257,-1
2016.09.09 11:15,619.47000,620.05000,619.47000,620.05000,0,1.000000,0.000000,1.000000,1.000000,0.000000,0.034185,0.623656,0.583333,1.000000,0.816901,0.106307,-0.666247,0.129583,0.233846,1.000000,0.055650,-0.691652,0.400000,1.098592,0.000000,0.101720,-1.089499,0.503443,-0.339021,48.6002,0.231300,-0.652245,0.304296,1.640849,4.316975,-0.044945,77.4698,0.004211,1.791166,4.854257,-1
2016.09.09 11:20,620.11000,621.00000,617.74000,621.00000,0,1.000000,-0.726994,0.273006,0.273006,-0.528520,0.248870,4.139683,1.416667,1.000000,0.000000,3.681369,38.870517,3.123423,2.872061,1.000000,0.790725,1.273484,1.000000,1.217949,2.662921,0.802366,-1.089499,0.503443,-0.339021,48.6002,0.231300,-0.652245,0.304296,1.640849,4.316975,-0.044945,77.4698,0.004211,1.791166,4.854257,0
2016.09.09 11:25,619.06000,621.73000,618.92000,619.02000,0,0.035587,0.914591,0.014235,-0.013728,0.901572,-0.014902,2.234592,-0.416667,0.320802,-0.861963,-2.428635,0.187887,-3.793849,4.645251,-0.928826,0.572549,-0.925490,0.704261,2.084211,69.250000,-0.036787,-1.089499,0.503443,-0.339021,48.6002,0.231300,-0.652245,0.304296,1.640849,4.316975,-0.044945,77.4698,0.004211,1.791166,4.854257,0
2016.09.09 11:30,620.95000,621.21000,619.03000,619.03000,0,0.000000,0.119266,0.880734,-0.880734,0.014224,-0.106552,1.184783,1.083333,0.323308,0.000000,-1.183193,-0.954077,0.011399,3.980030,-1.000000,-0.366935,-0.910282,0.546366,0.005051,0.135417,-0.102685,-1.089499,0.503443,-0.339021,48.6002,0.231300,-0.652245,0.304296,1.640849,4.316975,-0.044945,77.4698,0.004211,1.791166,4.854257,0
2016.09.09 11:35,619.02000,620.97000,619.02000,619.13000,0,0.056410,0.943590,0.056410,0.003182,0.890362,-0.254971,0.883352,1.416667,0.348371,0.894495,0.851475,9.679321,0.058434,0.047037,-0.887179,-0.508604,-0.856597,0.488722,10.000000,16.727273,0.057710,-1.089499,0.503443,-0.339021,48.6002,0.231300,-0.652245,0.304296,1.640849,4.316975,-0.044945,77.4698,0.004211,1.791166,4.854257,0
2016.09.09 11:40,620.00000,620.92000,620.00000,620.91000,0,0.989130,0.010870,0.989130,0.978379,0.000118,-0.004446,0.360784,1.583333,0.794486,0.000000,0.170757,-0.982550,0.820572,0.771017,0.978261,-0.514519,-0.686025,0.230576,17.800000,0.010989,0.017700,-1.089499,0.503443,-0.339021,48.6002,0.231300,-0.652245,0.304296,1.640849,4.316975,-0.044945,77.4698,0.004211,1.791166,4.854257,0
2016.09.09 11:45,619.53000,619.53000,619.53000,619.53000,0,0.000000,0.000000,0.000000,0.000000,0.000000,0.182063,0.000000,0.083333,0.217082,0.000000,0.000000,-0.970654,-0.013158,0.977169,0.000000,-1.054709,-0.320179,0.000000,0.775281,0.000000,0.000000,-1.089499,0.503443,-0.339021,48.6002,0.231300,-0.652245,0.304296,1.640849,4.316975,-0.044945,77.4698,0.004211,1.791166,4.854257,0
2016.09.09 11:50,619.53000,619.53000,619.02000,619.53000,0,1.000000,-1.000000,0.000000,0.000000,-1.000000,0.091333,0.403960,0.083333,0.232877,0.000000,0.000000,643.000000,0.000000,0.062853,1.000000,-0.939422,0.000000,0.232877,0.000000,0.000000,0.000000,-1.089499,0.503443,-0.339021,48.6002,0.231300,-0.652245,0.304296,1.640849,4.316975,-0.044945,77.4698,0.004211,1.791166,4.854257,0
2016.09.09 11:55,619.53000,620.60000,619.00000,619.00000,0,0.000000,0.668750,0.331250,-0.331250,0.447227,-0.100746,1.893491,-1.083333,0.000000,0.000000,-0.483034,2.309278,-1.395755,1.395755,-1.000000,-0.196577,0.012286,0.812183,0.000000,2.018868,-0.741247,-1.089499,0.503443,-0.339021,48.6002,0.231300,-0.652245,0.304296,1.640849,4.316975,-0.044945,77.4698,0.004211,1.791166,4.854257,0
2016.09.09 12:00,620.56000,620.56000,619.00000,619.00000,0,0.000000,0.000000,1.000000,-1.000000,0.000000,-0.274201,2.059406,-0.750000,0.000000,0.000000,-0.483480,-0.932958,0.000000,1.454717,-1.000000,-0.025214,0.000000,0.812500,0.000000,0.000000,-0.241963,-1.153470,0.240253,-0.317247,44.2123,0.255278,-0.710346,0.149237,0.681706,3.195570,-0.193899,64.4209,0.047353,0.779617,3.762714,0
2016.09.09 12:05,620.42000,620.54000,619.00000,620.53000,0,0.993506,-0.915584,0.071429,0.070965,-0.850186,0.093801,1.678474,0.666667,0.956250,0.987179,0.482830,10.651105,3.224901,3.224901,0.987013,-0.038286,0.000000,0.962500,0.000000,13.000000,0.129516,-1.153470,0.240253,-0.317247,44.2123,0.255278,-0.710346,0.149237,0.681706,3.195570,-0.193899,64.4209,0.047353,0.779617,3.762714,0
2016.09.09 12:10,619.12000,620.28000,619.12000,620.28000,0,1.000000,0.000000,1.000000,1.000000,0.000000,0.193081,0.890595,-0.750000,0.800000,0.000000,0.273201,-0.288494,-0.719203,3.511733,1.000000,-0.203914,-0.076468,0.725000,0.163399,0.000000,1.026019,-1.153470,0.240253,-0.317247,44.2123,0.255278,-0.710346,0.149237,0.681706,3.195570,-0.193899,64.4209,0.047353,0.779617,3.762714,0
2016.09.09 12:15,620.22000,620.22000,619.30000,619.30000,0,0.000000,0.000000,1.000000,-1.000000,0.000000,0.117134,0.627986,-1.166667,0.187500,-0.793103,-0.164284,-0.227765,-1.468443,0.960461,-1.000000,-0.211838,-0.186916,0.575000,3.920000,0.000000,-0.757952,-1.153470,0.240253,-0.317247,44.2123,0.255278,-0.710346,0.149237,0.681706,3.195570,-0.193899,64.4209,0.047353,0.779617,3.762714,0
2016.09.09 12:20,620.19000,620.19000,619.38000,619.38000,0,0.000000,0.000000,1.000000,-1.000000,0.000000,-0.029051,0.625483,0.416667,0.243590,0.000000,-0.125331,-0.997814,0.065473,1.900469,-1.000000,-0.216336,-0.234879,0.519231,0.081633,0.000000,-0.002561,-1.153470,0.240253,-0.317247,44.2123,0.255278,-0.710346,0.149237,0.681706,3.195570,-0.193899,64.4209,0.047353,0.779617,3.762714,0
2016.09.09 12:25,619.50000,620.22000,618.96000,618.96000,0,0.000000,0.571429,0.428571,-0.428571,0.326531,-0.244531,1.137698,-1.083333,0.000000,0.000000,-0.290814,1630.393006,-0.983692,1.036284,-1.000000,-0.036316,0.096844,0.797468,5.250000,1.333333,-0.995649,-1.153470,0.240253,-0.317247,44.2123,0.255278,-0.710346,0.149237,0.681706,3.195570,-0.193899,64.4209,0.047353,0.779617,3.762714,0
2016.09.09 12:30,618.96000,620.12000,618.26000,619.95000,0,0.908602,-0.284946,0.532258,0.483611,-0.133281,-0.064427,1.792771,0.583333,0.836634,1.476190,0.718013,-0.213445,2.890124,3.577328,0.817204,-0.064427,0.450989,0.920792,2.357143,0.878788,0.860581,-1.153470,0.240253,-0.317247,44.2123,0.255278,-0.710346,0.149237,0.681706,3.195570,-0.193899,64.4209,0.047353,0.779617,3.762714,0
2016.09.09 12:35,618.76000,619.99000,618.76000,619.99000,0,1.000000,0.000000,1.000000,1.000000,0.000000,0.135484,1.014433,1.416667,0.882653,0.000000,0.365163,-0.519080,0.080580,2.981087,1.000000,-0.159801,-0.347395,0.627551,0.040404,0.000000,0.772653,-1.153470,0.240253,-0.317247,44.2123,0.255278,-0.710346,0.149237,0.681706,3.195570,-0.193899,64.4209,0.047353,0.779617,3.762714,0
2016.09.09 12:40,619.66000,619.66000,618.75000,619.64000,0,0.978022,-0.978022,0.021978,-0.000483,-0.956527,0.113021,0.705426,-0.416667,0.704082,-0.739837,-0.220144,1.920491,-0.934035,1.017847,0.956044,-0.408333,-0.357292,0.464286,8.750000,44.500000,-0.037118,-1.153470,0.240253,-0.317247,44.2123,0.255278,-0.710346,0.149237,0.681706,3.195570,-0.193899,64.4209,0.047353,0.779617,3.762714,0
2016.09.09 12:45,619.64000,619.64000,618.77000,619.64000,0,1.000000,-1.000000,0.000000,0.000000,-1.000000,0.081126,0.661597,0.083333,0.704082,0.000000,0.000000,-0.757979,0.000000,0.941659,1.000000,-0.370861,-0.394040,0.443878,0.000000,0.000000,0.000000,-1.153470,0.240253,-0.317247,44.2123,0.255278,-0.710346,0.149237,0.681706,3.195570,-0.193899,64.4209,0.047353,0.779617,3.762714,0
2016.09.09 12:50,618.77000,619.64000,617.97000,618.15000,0,0.107784,0.413174,0.371257,-0.331242,0.259780,-0.307222,1.371663,-1.083333,0.083721,0.000000,-0.843556,0.044501,-1.294254,1.294254,-0.784431,-0.272222,0.606667,0.776744,0.000000,1.693548,-0.184517,-1.153470,0.240253,-0.317247,44.2123,0.255278,-0.710346,0.149237,0.681706,3.195570,-0.193899,64.4209,0.047353,0.779617,3.762714,0
2016.09.09 12:55,619.61000,619.61000,618.16000,618.16000,0,0.000000,0.000000,1.000000,-1.000000,0.000000,-0.398783,1.239316,0.250000,0.094059,0.000000,-0.630326,0.589292,0.026106,2.963147,-1.000000,-0.038717,-0.147124,0.717822,0.006711,0.000000,-0.898786,-1.153470,0.240253,-0.317247,44.2123,0.255278,-0.710346,0.149237,0.681706,3.195570,-0.193899,64.4209,0.047353,0.779617,3.762714,0
2016.09.09 13:00,618.51000,619.61000,618.51000,618.51000,0,0.000000,1.000000,0.000000,0.000000,1.000000,-0.275289,0.897959,1.166667,0.319527,0.000000,0.000000,0.519123,1.130811,1.109909,-1.000000,-0.022082,-0.397476,0.650888,35.000000,0.000000,0.000000,-1.287757,-0.035337,-0.137333,30.1629,0.228562,-0.782619,-0.021640,0.681706,3.195570,-0.193899,64.4209,0.047353,0.779617,3.762714,0
2016.09.09 13:05,618.51000,619.61000,618.51000,619.61000,0,1.000000,0.000000,1.000000,1.000000,0.000000,0.022678,0.864440,1.583333,0.982036,0.000000,0.345724,-0.998636,1.899108,0.898214,1.000000,-0.022678,-0.408207,0.658683,3.142857,0.000000,0.002756,-1.287757,-0.035337,-0.137333,30.1629,0.228562,-0.782619,-0.021640,0.681706,3.195570,-0.193899,64.4209,0.047353,0.779617,3.762714,0
2016.09.09 13:10,619.61000,619.65000,618.00000,619.65000,0,1.000000,-0.975758,0.024242,0.024242,-0.952103,0.334766,1.240602,2.083333,1.000000,0.000000,0.770373,719.713191,0.066869,1.806841,1.000000,0.030091,0.120365,0.982143,0.036364,40.250000,0.038928,-1.287757,-0.035337,-0.137333,30.1629,0.228562,-0.782619,-0.021640,0.681706,3.195570,-0.193899,64.4209,0.047353,0.779617,3.762714,0
2016.09.09 13:15,619.64000,619.65000,618.05000,619.65000,0,1.000000,-0.993750,0.006250,0.006250,-0.987539,0.308945,1.207547,1.083333,1.000000,0.000000,0.719743,-0.253469,0.000000,0.113477,1.000000,0.000000,-0.037493,0.969697,0.000000,159.000000,0.006786,-1.287757,-0.035337,-0.137333,30.1629,0.228562,-0.782619,-0.021640,0.681706,3.195570,-0.193899,64.4209,0.047353,0.779617,3.762714,0
2016.09.09 13:20,619.65000,620.25000,618.24000,620.25000,0,1.000000,-0.701493,0.298507,0.298507,-0.492092,0.255734,1.475229,1.583333,1.000000,0.000000,1.066239,-0.234700,1.553200,1.553200,1.000000,0.435911,-0.174364,0.893333,0.000000,2.350000,0.255237,-1.287757,-0.035337,-0.137333,30.1629,0.228562,-0.782619,-0.021640,0.681706,3.195570,-0.193899,64.4209,0.047353,0.779617,3.762714,0
2016.09.09 13:25,620.24000,620.24000,619.02000,619.03000,0,0.008197,-0.008197,0.991803,-0.983674,-0.000067,-0.040164,0.767296,-0.250000,0.457778,-0.606965,-0.382813,-0.049685,-2.052079,3.245212,-0.983607,-0.007172,-0.731557,0.542222,2.033333,0.008264,-0.941636,-1.287757,-0.035337,-0.137333,30.1629,0.228562,-0.782619,-0.021640,0.681706,3.195570,-0.193899,64.4209,0.047353,0.779617,3.762714,0
2016.09.09 13:30,619.99000,620.02000,619.01000,619.01000,0,0.000000,0.029703,0.970297,-0.970297,0.000882,-0.135438,0.623457,-1.166667,0.448889,0.000000,-0.259171,0.712285,-0.066422,2.996215,-1.000000,-0.163951,-0.684318,0.448889,0.016393,0.030612,-1.190824,-1.287757,-0.035337,-0.137333,30.1629,0.228562,-0.782619,-0.021640,0.681706,3.195570,-0.193899,64.4209,0.047353,0.779617,3.762714,0
2016.09.09 13:35,619.01000,619.01000,619.01000,619.01000,0,0.000000,0.000000,0.000000,0.000000,0.000000,-0.191948,0.000000,-0.583333,0.436364,0.000000,0.000000,-0.998012,0.000000,0.067643,0.000000,-0.944505,-0.586507,0.000000,0.000000,0.000000,0.000000,-1.287757,-0.035337,-0.137333,30.1629,0.228562,-0.782619,-0.021640,0.681706,3.195570,-0.193899,64.4209,0.047353,0.779617,3.762714,0
2016.09.09 13:40,619.00000,619.00000,617.99000,618.00000,0,0.009901,-0.009901,0.990099,-0.980296,-0.000098,-0.360775,0.952830,-1.583333,0.004425,0.000000,-0.324945,40.182695,-0.174808,0.174808,-0.980198,-0.989738,0.814139,0.446903,0.000000,0.010000,-0.177959,-1.287757,-0.035337,-0.137333,30.1629,0.228562,-0.782619,-0.021640,0.681706,3.195570,-0.193899,64.4209,0.047353,0.779617,3.762714,0
2016.09.09 13:45,618.00000,618.00000,618.00000,618.00000,0,0.000000,0.000000,0.000000,0.000000,0.000000,-0.263519,0.000000,-0.750000,0.004444,0.000000,0.000000,-0.987879,0.000000,0.268938,0.000000,-1.733906,-0.008584,0.000000,0.000000,0.000000,0.000000,-1.287757,-0.035337,-0.137333,30.1629,0.228562,-0.782619,-0.021640,0.681706,3.195570,-0.193899,64.4209,0.047353,0.779617,3.762714,0
2016.09.09 13:50,617.99000,618.94000,617.99000,618.94000,0,1.000000,0.000000,1.000000,1.000000,0.000000,-0.100499,1.881188,0.666667,0.467980,0.000000,0.344626,26.541828,0.930176,0.930176,1.000000,-0.061174,0.000000,0.467980,0.000000,0.000000,0.122878,-1.287757,-0.035337,-0.137333,30.1629,0.228562,-0.782619,-0.021640,0.681706,3.195570,-0.193899,64.4209,0.047353,0.779617,3.762714,0
2016.09.09 13:55,618.18000,618.24000,618.18000,618.20000,0,0.333333,0.666667,0.333333,0.111111,0.444444,-0.059837,0.122449,-0.750000,0.205882,0.000000,0.001394,-0.200956,-1.231136,2.131550,-0.333333,-0.668762,-0.167190,0.058824,0.787234,2.000000,0.271605,-1.287757,-0.035337,-0.137333,30.1629,0.228562,-0.782619,-0.021640,0.681706,3.195570,-0.193899,64.4209,0.047353,0.779617,3.762714,1
2016.09.09 14:00,618.20000,618.69000,618.02000,618.02000,0,0.000000,0.731343,0.268657,-0.268657,0.534863,0.022535,1.326733,-1.166667,0.029703,-11.166667,-0.197888,19.085059,-1.797792,1.009320,-1.000000,-0.234742,-0.028169,0.663366,0.243243,2.722222,-1.032576,-1.200763,-0.092194,-0.071042,30.4433,0.205301,-0.722022,-0.055808,0.681706,3.195570,-0.193899,64.4209,0.047353,0.779617,3.762714,1
2016.09.09 14:05,618.15000,619.01000,618.00000,618.72000,0,0.712871,0.138614,0.564356,0.402313,0.060386,0.050346,2.404762,0.416667,0.715686,1.507463,0.478115,0.421291,4.179647,4.645932,0.425743,0.067773,-0.009682,0.990196,3.888889,0.771930,1.580954,-1.200763,-0.092194,-0.071042,30.4433,0.205301,-0.722022,-0.055808,0.681706,3.195570,-0.193899,64.4209,0.047353,0.779617,3.762714,1
2016.09.09 14:10,619.00000,619.01000,618.20000,618.20000,0,0.000000,0.012346,0.987654,-0.987654,0.000152,-0.097250,1.204461,-1.083333,0.205882,-0.801980,-0.336651,-0.353532,-1.875144,4.487303,-1.000000,0.000000,-0.202605,0.794118,0.742857,0.012500,-1.314714,-1.200763,-0.092194,-0.071042,30.4433,0.205301,-0.722022,-0.055808,0.681706,3.195570,-0.193899,64.4209,0.047353,0.779617,3.762714,1
2016.09.09 14:15,618.11000,619.01000,618.11000,619.01000,0,1.000000,0.000000,1.000000,1.000000,0.000000,0.185022,1.411765,0.583333,1.000000,1.111111,0.427914,0.165318,1.680006,2.948820,1.000000,0.000000,-0.113069,0.891089,1.557692,0.000000,1.199239,-1.200763,-0.092194,-0.071042,30.4433,0.205301,-0.722022,-0.055808,0.681706,3.195570,-0.193899,64.4209,0.047353,0.779617,3.762714,1
2016.09.09 14:20,619.01000,620.25000,619.01000,619.47000,0,0.370968,0.629032,0.370968,0.137617,0.395682,0.338077,1.463127,1.416667,0.653333,0.000000,0.863503,1.218579,1.257384,0.022272,-0.258065,1.314156,-1.070401,0.551111,0.567901,1.695652,0.648621,-1.200763,-0.092194,-0.071042,30.4433,0.205301,-0.722022,-0.055808,0.681706,3.195570,-0.193899,64.4209,0.047353,0.779617,3.762714,-1
2016.09.09 14:25,619.56000,620.25000,618.40000,620.15000,0,0.945946,-0.572973,0.318919,0.301680,-0.390241,0.429569,1.868687,1.583333,0.955556,0.000000,1.851311,2.604907,2.742883,2.157692,0.891892,0.000000,-0.301634,0.822222,1.478261,2.135593,0.950883,-1.200763,-0.092194,-0.071042,30.4433,0.205301,-0.722022,-0.055808,0.681706,3.195570,-0.193899,64.4209,0.047353,0.779617,3.762714,0
2016.09.09 14:30,618.83000,620.15000,618.83000,620.15000,0,1.000000,0.000000,1.000000,1.000000,0.000000,0.552545,1.100000,1.083333,0.953271,0.000000,1.047110,-0.245361,0.000000,3.135855,1.000000,-0.109632,-0.789350,0.616822,0.000000,0.000000,1.665691,-1.200763,-0.092194,-0.071042,30.4433,0.205301,-0.722022,-0.055808,0.681706,3.195570,-0.193899,64.4209,0.047353,0.779617,3.762714,0
2016.09.09 14:35,620.14000,620.14000,620.13000,620.13000,0,0.000000,0.000000,1.000000,-1.000000,0.000000,0.353633,0.007533,-0.416667,0.943925,-0.007576,-0.000073,-0.999649,-0.060011,0.060011,-1.000000,-0.133218,-2.095156,0.004673,0.000000,0.000000,-0.000614,-1.200763,-0.092194,-0.071042,30.4433,0.205301,-0.722022,-0.055808,0.681706,3.195570,-0.193899,64.4209,0.047353,0.779617,3.762714,-1
2016.09.09 14:40,619.32000,620.11000,618.05000,618.11000,0,0.029126,0.354369,0.587379,-0.570271,0.146220,-0.303721,1.864253,-1.250000,0.027273,0.000000,-2.607077,823.804517,-1.466248,1.416353,-0.941748,-0.155186,0.387965,0.936364,101.000000,0.702479,-0.286100,-1.200763,-0.092194,-0.071042,30.4433,0.205301,-0.722022,-0.055808,0.681706,3.195570,-0.193899,64.4209,0.047353,0.779617,3.762714,0
2016.09.09 14:45,619.92000,619.92000,618.01000,619.56000,0,0.811518,-0.811518,0.188482,-0.035525,-0.658562,-0.310041,1.458015,0.166667,0.691964,0.000000,-1.691079,5.119458,3.149797,3.768124,0.623037,-0.221458,0.038514,0.852679,0.717822,4.305556,-0.380914,-1.200763,-0.092194,-0.071042,30.4433,0.205301,-0.722022,-0.055808,0.681706,3.195570,-0.193899,64.4209,0.047353,0.779617,3.762714,0
2016.09.09 14:50,619.29000,619.89000,618.13000,618.55000,0,0.238636,0.102273,0.420455,-0.320119,0.059272,-0.345419,1.328302,-1.083333,0.252336,0.000000,-1.300184,-0.651697,-2.007956,4.495135,-0.522727,-0.229058,-0.109948,0.822430,0.696552,1.378378,-0.353235,-1.200763,-0.092194,-0.071042,30.4433,0.205301,-0.722022,-0.055808,0.681706,3.195570,-0.193899,64.4209,0.047353,0.779617,3.762714,0
2016.09.09 14:55,618.64000,620.12000,618.64000,620.12000,0,1.000000,0.000000,1.000000,1.000000,0.000000,0.034896,1.031359,0.583333,0.990610,0.840909,0.756049,-0.262246,1.094578,2.662961,1.000000,0.008309,-0.523442,0.694836,1.554455,0.000000,0.725391,-1.200763,-0.092194,-0.071042,30.4433,0.205301,-0.722022,-0.055808,0.681706,3.195570,-0.193899,64.4209,0.047353,0.779617,3.762714,0
2016.09.09 15:00,619.20000,620.11000,619.20000,619.20000,0,0.000000,1.000000,0.000000,0.000000,1.000000,0.228062,0.504854,-0.583333,0.563981,0.000000,0.000000,-0.737091,-0.322204,1.348911,-1.000000,-0.008323,-0.990488,0.431280,0.585987,0.000000,0.000000,-0.695129,0.397747,0.001218,37.6388,0.052422,-0.366884,0.211146,0.681706,3.195570,-0.193899,64.4209,0.047353,0.779617,3.762714,0
2016.09.09 15:05,620.10000,620.10000,619.20000,620.10000,0,1.000000,-1.000000,0.000000,0.000000,-1.000000,0.142807,0.594059,0.583333,0.990521,0.000000,0.000000,-0.994135,0.070172,0.412334,1.000000,-0.016509,-0.883255,0.426540,0.978261,0.000000,0.000000,-0.695129,0.397747,0.001218,37.6388,0.052422,-0.366884,0.211146,0.681706,3.195570,-0.193899,64.4209,0.047353,0.779617,3.762714,0
2016.09.09 15:10,619.20000,620.10000,619.20000,620.10000,0,1.000000,0.000000,1.000000,1.000000,0.000000,0.250844,0.712871,0.416667,0.989950,0.000000,0.268633,-0.250000,0.000000,0.114478,1.000000,-0.016289,-0.456079,0.452261,0.000000,0.000000,0.002203,-0.695129,0.397747,0.001218,37.6388,0.052422,-0.366884,0.211146,0.681706,3.195570,-0.193899,64.4209,0.047353,0.779617,3.762714,0
2016.09.09 15:15,619.48000,619.50000,619.48000,619.48000,0,0.000000,1.000000,0.000000,0.000000,1.000000,-0.031667,0.019093,-0.916667,0.567568,0.000000,0.000000,12.653002,-0.010281,0.010281,-1.000000,-0.508333,-0.233333,0.013514,0.000000,0.000000,0.000000,-0.695129,0.397747,0.001218,37.6388,0.052422,-0.366884,0.211146,0.681706,3.195570,-0.193899,64.4209,0.047353,0.779617,3.762714,0
2016.09.09 15:20,619.02000,620.12000,619.02000,619.17000,0,0.136364,0.863636,0.136364,0.018595,0.745868,-0.055705,1.611722,-1.250000,0.136364,0.000000,0.406001,49.096869,-0.753750,0.722104,-0.727273,0.016384,0.147455,1.000000,0.500000,6.333333,0.502920,-0.695129,0.397747,0.001218,37.6388,0.052422,-0.366884,0.211146,0.681706,3.195570,-0.193899,64.4209,0.047353,0.779617,3.762714,0
2016.09.09 15:25,619.61000,619.61000,619.61000,619.61000,0,0.000000,0.000000,0.000000,0.000000,0.000000,-0.160794,0.000000,0.166667,0.536364,0.000000,0.000000,-0.999513,2.056019,3.532759,0.000000,-0.429345,-0.496693,0.000000,1.419355,0.000000,0.000000,-0.695129,0.397747,0.001218,37.6388,0.052422,-0.366884,0.211146,0.681706,3.195570,-0.193899,64.4209,0.047353,0.779617,3.762714,0
2016.09.09 15:30,620.09000,620.25000,620.04000,620.25000,0,1.000000,-0.238095,0.761905,0.761905,-0.056689,0.037555,0.415842,0.916667,1.000000,0.000000,0.016819,262.271655,0.482566,2.101174,1.000000,0.113537,-0.890830,0.170732,1.454545,0.312500,0.423997,-0.695129,0.397747,0.001218,37.6388,0.052422,-0.366884,0.211146,0.681706,3.195570,-0.193899,64.4209,0.047353,0.779617,3.762714,0
2016.09.09 15:35,620.25000,620.46000,620.04000,620.04000,0,0.000000,0.500000,0.500000,-0.500000,0.250000,0.210959,1.263158,-0.416667,0.708333,-2.000000,-0.081100,4.108536,-0.808075,1.212652,-1.000000,0.201370,-0.978082,0.291667,0.328125,1.000000,-0.907127,-0.695129,0.397747,0.001218,37.6388,0.052422,-0.366884,0.211146,0.681706,3.195570,-0.193899,64.4209,0.047353,0.779617,3.762714,0
2016.09.09 15:40,620.45000,620.46000,620.30000,620.46000,0,1.000000,-0.937500,0.062500,0.062500,-0.878906,0.307591,0.369942,1.083333,1.000000,0.380952,0.013367,-0.737173,1.284878,1.893246,1.000000,0.000000,-0.705109,0.111111,2.000000,15.000000,0.027468,-0.695129,0.397747,0.001218,37.6388,0.052422,-0.366884,0.211146,0.681706,3.195570,-0.193899,64.4209,0.047353,0.779617,3.762714,-1
2016.09.09 15:45,620.46000,620.68000,620.03000,620.68000,0,1.000000,-0.661538,0.338462,0.338462,-0.437633,0.229588,3.291139,1.416667,1.000000,0.000000,0.201632,0.850514,0.471871,1.047746,1.000000,0.214934,0.009770,0.607477,0.523810,1.954545,0.422753,-0.695129,0.397747,0.001218,37.6388,0.052422,-0.366884,0.211146,0.681706,3.195570,-0.193899,64.4209,0.047353,0.779617,3.762714,0
2016.09.09 15:55,620.68000,620.68000,620.62000,620.68000,0,1.000000,-1.000000,0.000000,0.000000,-1.000000,0.170593,0.166667,0.583333,1.000000,0.000000,0.000000,-0.903522,0.000000,0.768211,1.000000,0.000000,-0.670999,0.092308,0.000000,0.000000,0.000000,-0.695129,0.397747,0.001218,37.6388,0.052422,-0.366884,0.211146,0.681706,3.195570,-0.193899,64.4209,0.047353,0.779617,3.762714,-1
2016.09.09 16:00,620.93000,621.00000,620.02000,620.02000,0,0.000000,0.071429,0.928571,-0.928571,0.005102,0.022144,3.038760,-0.416667,0.000000,0.000000,-0.726764,38.529350,-2.851049,2.851049,-1.000000,0.393673,0.012302,1.000000,0.000000,0.076923,-2.359283,-0.473534,0.533006,0.172607,35.9544,-0.015604,-0.234594,0.265380,0.785135,3.290327,-0.193314,69.7372,0.042088,0.897246,3.870980,-1
2016.09.09 16:05,619.53000,620.95000,619.53000,620.95000,0,1.000000,0.000000,1.000000,1.000000,0.000000,0.040580,3.070270,0.750000,0.965986,1.448980,1.621305,-0.999197,2.347881,4.054857,1.000000,-0.063406,0.621377,0.965986,1.409091,0.000000,0.002806,-0.473534,0.533006,0.172607,35.9544,-0.015604,-0.234594,0.265380,0.785135,3.290327,-0.193314,69.7372,0.042088,0.897246,3.870980,0
2016.09.09 16:10,619.94000,620.22000,619.10000,620.22000,0,1.000000,-0.750000,0.250000,0.250000,-0.562500,-0.080389,1.440514,-0.833333,0.589474,0.000000,0.959333,844.504839,-1.131865,3.254403,1.000000,-0.964664,0.531802,0.589474,0.784946,3.000000,0.431535,-0.473534,0.533006,0.172607,35.9544,-0.015604,-0.234594,0.265380,0.785135,3.290327,-0.193314,69.7372,0.042088,0.897246,3.870980,0
2016.09.09 16:15,620.75000,620.83000,619.55000,619.82000,0,0.210938,-0.148438,0.726562,-0.573303,-0.040588,-0.182192,1.430168,-1.416667,0.378947,-1.142857,-1.176956,-0.821143,-0.660592,0.363185,-0.578125,-0.203767,-0.539384,0.673684,0.547945,0.376344,-0.241709,-0.473534,0.533006,0.172607,35.9544,-0.015604,-0.234594,0.265380,0.785135,3.290327,-0.193314,69.7372,0.042088,0.897246,3.870980,0
2016.09.09 16:20,619.62000,620.79000,619.01000,619.03000,0,0.011236,0.646067,0.331461,-0.327736,0.431921,-0.346656,1.483333,-1.583333,0.010050,0.000000,-1.968280,13.057967,-1.869458,1.455856,-0.977528,-0.178344,0.100318,0.894472,1.975000,2.016949,-0.807263,-0.473534,0.533006,0.172607,35.9544,-0.015604,-0.234594,0.265380,0.785135,3.290327,-0.193314,69.7372,0.042088,0.897246,3.870980,1
2016.09.09 16:25,620.76000,620.76000,619.05000,620.69000,0,0.959064,-0.959064,0.040936,-0.001676,-0.919804,-0.178790,1.221429,-0.083333,0.865979,0.000000,-1.598296,0.213797,3.313631,4.077695,0.918129,-0.073189,-0.041822,0.881443,2.101266,23.428571,-0.092487,-0.473534,0.533006,0.172607,35.9544,-0.015604,-0.234594,0.265380,0.785135,3.290327,-0.193314,69.7372,0.042088,0.897246,3.870980,1
2016.09.09 16:30,620.54000,620.86000,619.08000,620.86000,0,1.000000,-0.820225,0.179775,0.179775,-0.672769,0.206873,1.208829,0.916667,1.000000,1.040936,1.466696,-0.704936,0.253353,3.235141,1.000000,0.028866,-0.067354,0.962162,0.102410,4.562500,0.105738,-0.473534,0.533006,0.172607,35.9544,-0.015604,-0.234594,0.265380,0.785135,3.290327,-0.193314,69.7372,0.042088,0.897246,3.870980,1
2016.09.09 16:35,620.71000,620.95000,619.15000,619.15000,0,0.000000,0.133333,0.866667,-0.866667,0.017778,0.044984,1.099237,-0.416667,0.072165,-1.011236,-1.365310,0.593105,-1.209765,1.413031,-1.000000,0.082623,-0.128525,0.927835,10.058824,0.153846,-0.770293,-0.473534,0.533006,0.172607,35.9544,-0.015604,-0.234594,0.265380,0.785135,3.290327,-0.193314,69.7372,0.042088,0.897246,3.870980,0
2016.09.09 16:40,620.10000,620.93000,619.15000,619.15000,0,0.000000,0.466292,0.533708,-0.533708,0.217428,-0.109705,1.007072,0.083333,0.072165,0.000000,-1.128167,0.271681,0.000000,1.245327,-1.000000,-0.016878,-0.084388,0.917526,0.000000,0.873684,-0.501060,-0.473534,0.533006,0.172607,35.9544,-0.015604,-0.234594,0.265380,0.785135,3.290327,-0.193314,69.7372,0.042088,0.897246,3.870980,0
2016.09.09 16:45,619.16000,621.99000,619.09000,619.09000,0,0.000000,0.975862,0.024138,-0.024138,0.952307,-0.364668,1.640736,-1.083333,0.013605,0.000000,-2.319527,0.646576,-0.102179,0.102179,-1.000000,0.772414,-0.007427,0.986395,0.000000,40.428571,-0.035528,-0.473534,0.533006,0.172607,35.9544,-0.015604,-0.234594,0.265380,0.785135,3.290327,-0.193314,69.7372,0.042088,0.897246,3.870980,0
2016.09.09 16:50,619.10000,620.91000,619.01000,619.13000,0,0.063158,0.889474,0.015789,0.000997,0.875429,-0.242400,0.920097,0.250000,0.040268,0.655172,0.855970,-0.600759,0.164303,0.447402,-0.873684,-0.743728,0.055091,0.637584,0.666667,62.333333,0.011325,-0.473534,0.533006,0.172607,35.9544,-0.015604,-0.234594,0.265380,0.785135,3.290327,-0.193314,69.7372,0.042088,0.897246,3.870980,0
2016.09.09 16:55,620.51000,620.92000,620.47000,620.76000,0,0.644444,0.266667,0.555556,0.358025,0.118519,0.206452,0.214797,1.166667,0.587248,0.000000,0.042144,-0.717054,1.802464,1.681555,0.288889,-0.690323,-0.941935,0.151007,40.750000,0.800000,0.120517,-0.473534,0.533006,0.172607,35.9544,-0.015604,-0.234594,0.265380,0.785135,3.290327,-0.193314,69.7372,0.042088,0.897246,3.870980,0
