,0
2020-07-01,5.602908613761226
2020-07-02,3.8666692511544074
2020-07-03,-1.1450279732430784
2020-07-04,0.0
2020-07-05,0.0
2020-07-06,3.6503192884420668
2020-07-07,-5.330963175330233
2020-07-08,0.0
2020-07-09,0.6596140613718129
2020-07-10,0.3552735791197037
2020-07-11,0.0
2020-07-12,0.0
2020-07-13,5.198246883893434
2020-07-14,-0.1295486759924882
2020-07-15,-3.409740360318123
2020-07-16,5.993317666353859
2020-07-17,7.685760781123162
2020-07-18,0.0
2020-07-19,0.0
2020-07-20,-8.08662258567696
2020-07-21,-7.192043895747603
2020-07-22,-2.603251894821568
2020-07-23,-7.0561527354403974
2020-07-24,-7.201744067865492
2020-07-25,0.0
2020-07-26,0.0
2020-07-27,0.0
2020-07-28,-0.2940721243838893
2020-07-29,3.5176819000268607
2020-07-30,3.0327524031129816
2020-07-31,5.065504603734653
2020-08-01,0.0
2020-08-02,0.0
2020-08-03,2.0014851465856944
2020-08-04,-0.7050043811991573
2020-08-05,0.7559231113097825
2020-08-06,-2.2135644148130016
2020-08-07,0.6231598972216504
2020-08-08,0.0
2020-08-09,0.0
2020-08-10,0.44465052181384834
2020-08-11,2.7823957425766004
2020-08-12,1.2947380854774422
2020-08-13,-1.5672452877061247
2020-08-14,4.009020505125658
2020-08-15,0.0
2020-08-16,0.0
2020-08-17,2.69452845751994
2020-08-18,0.6749654131249277
2020-08-19,5.64514471967095
2020-08-20,2.0099503485631396
2020-08-21,2.5267544130296224
2020-08-22,0.0
2020-08-23,0.00415353766823931
2020-08-24,-4.320883578683834
2020-08-25,2.778520319367265
2020-08-26,-5.0472013067525205
2020-08-27,-7.485394840954647
2020-08-28,-1.6109087512841611
2020-08-29,0.0
2020-08-30,0.0
2020-08-31,-0.11781409461377124
2020-09-01,0.9974273958760462
2020-09-02,-0.9598511090435213
2020-09-03,-8.681371013840975
2020-09-04,-9.5803880823266
2020-09-05,0.0
2020-09-06,-1.818141695446359
2020-09-07,1.9501853729808918
2020-09-08,-6.476850503368093
2020-09-09,4.521330887766525
2020-09-10,-4.15568188028337
2020-09-11,-1.8809421438611424
2020-09-12,0.0
2020-09-13,0.0
2020-09-14,2.0871166292579226
2020-09-15,3.067752613655208
2020-09-16,-0.8611990900416284
2020-09-17,0.5652407049487431
2020-09-18,-3.253665789031446
2020-09-19,0.0
2020-09-20,0.3571731503258646
2020-09-21,-6.799736840027043
2020-09-22,-3.4281903441671786
2020-09-23,-13.287478345449822
2020-09-24,-0.7138694335158609
2020-09-25,-4.700636238967605
2020-09-26,0.0
2020-09-27,0.0
2020-09-28,-6.674941076569794
2020-09-29,-10.118686549129961
2020-09-30,1.0576641198748393
2020-10-01,3.5674648065933874
2020-10-02,1.6960562903150016
2020-10-03,0.0
2020-10-04,-0.0023540093824495
2020-10-05,9.811608767691467
2020-10-06,-10.132174540999518
2020-10-07,-1.2703583655313075
2020-10-08,2.6409606957566814
2020-10-09,0.0
2020-10-10,0.0
2020-10-11,0.0
2020-10-12,1.2476632037455384
2020-10-13,-2.2930343340224217
2020-10-14,1.866967261530701
2020-10-15,-6.006238220767722
2020-10-16,-2.239337018589766
2020-10-17,0.0
2020-10-18,0.0
2020-10-19,2.8867583866326623
2020-10-20,-2.4173729045406995
2020-10-21,5.727448123794346
2020-10-22,-4.7816269871262325
2020-10-23,1.636983103404023
2020-10-24,0.0
2020-10-25,1.2205627979580904
2020-10-26,0.7086235756663968
2020-10-27,1.6942164640801778
2020-10-28,13.443900346062714
2020-10-29,-0.3837468278483841
2020-10-30,2.4314164496771875
2020-10-31,0.0
2020-11-01,0.0
2020-11-02,-2.0890903649248664
2020-11-03,-2.100330320519782
2020-11-04,-3.0560006357595006
2020-11-05,-2.644833102654952
2020-11-06,-1.2537599001301327
2020-11-07,0.0
2020-11-08,0.0
2020-11-09,19.25512835540994
2020-11-10,-0.929811320754722
2020-11-11,5.945145634855349
2020-11-12,4.488092449110531
2020-11-13,-6.807233929923386
2020-11-14,0.0
2020-11-15,0.0
2020-11-16,-0.2515347731060634
2020-11-17,0.4609058924990923
2020-11-18,-6.078460562236458
2020-11-19,-0.9177302107556612
2020-11-20,-10.302959562687986
2020-11-21,0.0
2020-11-22,0.0
2020-11-23,1.8307119407607981
2020-11-24,0.0
2020-11-25,0.38557769880651366
2020-11-26,-1.209709987224107
2020-11-27,13.032719251117385
2020-11-28,0.0
2020-11-29,0.0
2020-11-30,-0.03413606739786326
2020-12-01,4.5399356045184245
2020-12-02,0.28136457411804683
2020-12-03,0.9247201011851732
2020-12-04,-5.325092714586559
2020-12-05,0.0
2020-12-06,0.0
2020-12-07,-14.910963297871202
2020-12-08,-3.2032124065355347
2020-12-09,15.129930963580152
2020-12-10,1.7711030316727834
2020-12-11,-3.6366649155487045
2020-12-12,0.0
2020-12-13,0.0
2020-12-14,-6.4563523948153
2020-12-15,-2.7365410004401522
2020-12-16,1.149250719223098
2020-12-17,0.0
2020-12-18,-3.4600574380075813
2020-12-19,0.0
2020-12-20,0.0
2020-12-21,-2.5976170628753796
2020-12-22,2.0666913785993066
2020-12-23,0.4704026082647379
2020-12-24,0.16471023733007528
2020-12-25,0.0
2020-12-26,0.0
2020-12-27,0.0
2020-12-28,6.453258384741877
2020-12-29,-2.910584013081518
2020-12-30,-3.1864158143041554
2020-12-31,-4.389536144842427
2021-01-01,0.0
2021-01-02,0.0
2021-01-03,0.0
2021-01-04,0.0
2021-01-05,1.7186507698759723
2021-01-06,5.203772178109376
2021-01-07,-1.7658754743823923
2021-01-08,10.45356835869757
2021-01-09,0.0
2021-01-10,0.0
2021-01-11,-0.9094947251526913
2021-01-12,3.9096437880104777
2021-01-13,-6.6421136396988025
2021-01-14,-8.2383233563644
2021-01-15,3.929437729192042
2021-01-16,0.0
2021-01-17,0.0
2021-01-18,1.6952926815406064
2021-01-19,1.0995674990613167
2021-01-20,-2.2336742958779903
2021-01-21,-1.675082299496036
2021-01-22,11.183879694590505
2021-01-23,0.0
2021-01-24,0.0
2021-01-25,2.3356210311758727
2021-01-26,-4.156729032716776
2021-01-27,-0.10581514509957102
2021-01-28,1.003920230679616
2021-01-29,8.79189206405667
2021-01-30,0.0
2021-01-31,0.0
2021-02-01,-2.6670341394463994
2021-02-02,-2.291280589213501
2021-02-03,-2.2463190581384653
2021-02-04,13.88531582154238
2021-02-05,3.544157981349445
2021-02-06,0.0
2021-02-07,0.0
2021-02-08,-9.319029625030458
2021-02-09,1.6844490934449692
2021-02-10,-4.833162656383681
2021-02-11,-13.534102367705135
2021-02-12,0.374444213588232
2021-02-13,0.0
2021-02-14,0.0
2021-02-15,2.4721767505760366
2021-02-16,7.875108318385843
2021-02-17,0.0
2021-02-18,-0.8721850898752253
2021-02-19,3.1875570056326903
2021-02-20,0.0
2021-02-21,0.29289503910737164
2021-02-22,-4.979815374191855
2021-02-23,-0.5619492251167648
2021-02-24,6.167692556133455
2021-02-25,8.358923648730803
2021-02-26,-7.050722799898554
2021-02-27,0.0
2021-02-28,0.0
2021-03-01,0.0
2021-03-02,3.6354517866435123
2021-03-03,-6.315020653335755
2021-03-04,-5.358412381432246
2021-03-05,1.6282633681790357
2021-03-06,0.0
2021-03-07,0.0
2021-03-08,10.49363660845098
2021-03-09,3.8753139986297107
2021-03-10,-0.9800110297642881
2021-03-11,2.6038119605245176
2021-03-12,-3.818053839587822
2021-03-13,0.0
2021-03-14,0.0
2021-03-15,-4.470644633099148
2021-03-16,-1.0714330271155565
2021-03-17,-13.086398564400154
2021-03-18,6.38257821636647
2021-03-19,-8.334683008934018
2021-03-20,0.0
2021-03-21,0.0
2021-03-22,-1.2160096083488987
2021-03-23,-11.568914098151579
2021-03-24,-2.1916308219769194
2021-03-25,-0.6437786913032251
2021-03-26,-3.021253002114335
2021-03-27,0.0
2021-03-28,0.0
2021-03-29,8.084591199096547
2021-03-30,0.0
2021-03-31,2.3402657612067816
2021-04-01,0.0
2021-04-02,0.0
2021-04-03,0.0
2021-04-04,0.0
2021-04-05,-2.4546202019572108
2021-04-06,-4.03976531942617
2021-04-07,-4.3204916683681045
2021-04-08,3.849421678370961
2021-04-09,10.602223367378699
2021-04-10,0.0
2021-04-11,0.0
2021-04-12,-3.9111566383328578
2021-04-13,-2.1486503622898043
2021-04-14,3.9318977705163665
2021-04-15,3.467153284671329
2021-04-16,0.0
2021-04-17,0.0
2021-04-18,0.0
2021-04-19,-6.4393045200988315
2021-04-20,-4.237375084310262
2021-04-21,3.8833891121311797
2021-04-22,4.438086759129562
2021-04-23,1.0436698290345916
2021-04-24,0.0
2021-04-25,0.0
2021-04-26,3.7542016403358405
2021-04-27,-8.364498377959126
2021-04-28,1.5385507582567448
2021-04-29,10.388512526674342
2021-04-30,-0.1853557600878306
2021-05-01,0.0
2021-05-02,0.0
2021-05-03,-2.0530174844894793
2021-05-04,3.2581479165510325
2021-05-05,2.0060616129417417
2021-05-06,17.899653511250847
2021-05-07,0.0
2021-05-08,0.0
2021-05-09,0.0
2021-05-10,-0.6612529816191786
2021-05-11,4.94725271295065
2021-05-12,-9.861096443678084
2021-05-13,-3.7553657408006416
2021-05-14,-7.155875967266043
2021-05-15,0.0
2021-05-16,0.0
2021-05-17,-7.132356416922715
2021-05-18,-1.5208158784271562
2021-05-19,1.2176794279913872
2021-05-20,-0.8900220419925267
2021-05-21,2.4241417917879833
2021-05-22,0.0
2021-05-23,0.0
2021-05-24,-0.31280299425775726
2021-05-25,0.25257125714951023
2021-05-26,3.2331838565022375
2021-05-27,1.4710072508082233
2021-05-28,-0.06726903776627657
2021-05-29,0.0
2021-05-30,0.0
2021-05-31,-0.8660135358985219
2021-06-01,1.330368189911065
2021-06-02,1.2966192461081953
2021-06-03,7.622257229661493
2021-06-04,10.309733445905026
2021-06-05,0.0
2021-06-06,0.0
2021-06-07,-0.879981961522136
2021-06-08,3.611508541655404
2021-06-09,-3.5672168332472336
2021-06-10,-0.6831234178440169
2021-06-11,6.59351716721718
2021-06-12,0.0
2021-06-13,0.0
2021-06-14,0.39640077821009756
2021-06-15,0.8662859983934883
2021-06-16,-3.7493721942880445
2021-06-17,0.0
2021-06-18,0.0
2021-06-19,0.0
2021-06-20,0.0
2021-06-21,6.612302261291774
2021-06-22,-1.5352426825103958
2021-06-23,-2.6945371199916055
2021-06-24,2.823395864467857
2021-06-25,3.5400864594508903
2021-06-26,0.0
2021-06-27,0.0
2021-06-28,-7.7431963224515306
2021-06-29,-7.1692865779927475
2021-06-30,-0.4443789660303783
2021-07-01,-7.8224789028331525
2021-07-02,-5.663289792928403
2021-07-03,0.0
2021-07-04,0.0
2021-07-05,-1.6637621235163103
2021-07-06,9.375532295976162
2021-07-07,3.289916057603702
2021-07-08,-3.4715206577894593
2021-07-09,-1.6228110403661382
2021-07-10,0.0
2021-07-11,0.0
2021-07-12,2.16180675785603
2021-07-13,-1.183290921660054
2021-07-14,-8.699792385350268
2021-07-15,-0.3222149702861581
2021-07-16,8.014271894378183
2021-07-17,0.0
2021-07-18,0.0
2021-07-19,-7.639277350072176
2021-07-20,0.7413304466387698
2021-07-21,1.992175287827078
2021-07-22,3.6611141680509727
2021-07-23,-1.0038497620884734
2021-07-24,0.0
2021-07-25,0.0
2021-07-26,3.192922346935619
2021-07-27,-3.4583570585127195
2021-07-28,5.0353472854372825
2021-07-29,0.0
2021-07-30,3.526251773768434
2021-07-31,0.0
2021-08-01,0.0
2021-08-02,5.574327804677218
2021-08-03,-4.093350196431238
2021-08-04,-7.47157077412901
2021-08-05,-0.6198128847435351
2021-08-06,-7.125352554058288
2021-08-07,0.0
2021-08-08,0.0
2021-08-09,0.0
2021-08-10,-3.746357005235562
2021-08-11,3.555415275592759
2021-08-12,-0.7159199095184559
2021-08-13,8.372334893395704
2021-08-14,0.0
2021-08-15,0.0
2021-08-16,-0.1686503156169836
2021-08-17,1.606320189274686
2021-08-18,-5.611053495558886
2021-08-19,7.456409187065738
2021-08-20,-1.4469534652046332
2021-08-21,0.0
2021-08-22,0.0
2021-08-23,4.340723453908947
2021-08-24,-2.3996199298400276
2021-08-25,-1.7146137653887519
2021-08-26,6.802394796131756
2021-08-27,3.7877723120168874
2021-08-28,0.0
2021-08-29,0.0
2021-08-30,1.2296497739884076
2021-08-31,-10.943869182098853
2021-09-01,-1.8909093293385792
2021-09-02,-9.614155712643587
2021-09-03,4.612632379399302
2021-09-04,0.0
2021-09-05,0.0
2021-09-06,2.014712989314366
2021-09-07,1.8979318719510951
2021-09-08,-2.2952805294804004
2021-09-09,-0.635012047860187
2021-09-10,6.927491979583697
2021-09-11,0.0
2021-09-12,0.0
2021-09-13,1.8680931348943972
2021-09-14,-1.2541175347328
2021-09-15,1.4215342730819747
2021-09-16,-7.193130086908538
2021-09-17,-7.097765363128492
2021-09-18,0.0
2021-09-19,0.0
2021-09-20,-0.1807761532077603
2021-09-21,-1.7332747445896186
2021-09-22,4.085212748354117
2021-09-23,2.6668367602094043
2021-09-24,-8.270480512992766
2021-09-25,0.0
2021-09-26,0.0
2021-09-27,7.856538528341043
2021-09-28,-4.84626448796445
2021-09-29,-1.7927673615769741
2021-09-30,-8.808390253646433
2021-10-01,-2.762421231216599
2021-10-02,0.0
2021-10-03,0.0
2021-10-04,-3.3708305615871175
2021-10-05,2.0365422672603906
2021-10-06,-12.008066024729986
2021-10-07,3.243893180190181
2021-10-08,-1.5494979884643578
2021-10-09,0.0
2021-10-10,0.0
2021-10-11,1.1952090237944186
2021-10-12,-1.25064541575762
2021-10-13,-0.22030990000632666
2021-10-14,0.0
2021-10-15,-0.06244424620887265
2021-10-16,0.0
2021-10-17,0.0
2021-10-18,-1.0015290978323463
2021-10-19,-2.1269042830211937
2021-10-20,5.604234657594219
2021-10-21,3.077772098283482
2021-10-22,-3.318864774624439
2021-10-23,0.0
2021-10-24,-0.9689771062533911
2021-10-25,-1.9739057239056632
2021-10-26,0.8099378355159774
2021-10-27,0.7779103071089368
2021-10-28,-7.798594624456362
2021-10-29,-1.6835567776078282
2021-10-30,0.0
2021-10-31,0.0
2021-11-01,-2.9486720764207206
2021-11-02,-4.969624873941037
2021-11-03,-7.119392802319627
2021-11-04,-0.2436817022315912
2021-11-05,-7.097857617167024
2021-11-06,0.0
2021-11-07,0.0
2021-11-08,0.0
2021-11-09,-4.443166807138917
2021-11-10,0.97625525329502
2021-11-11,0.0
2021-11-12,-10.056057433183785
2021-11-13,0.0
2021-11-14,0.0
2021-11-15,-3.723694964837553
2021-11-16,6.417692665869868
2021-11-17,4.639402791301515
2021-11-18,5.069549340874336
2021-11-19,7.405344591229474
2021-11-20,0.0
2021-11-21,0.0
2021-11-22,0.0
2021-11-23,0.0
2021-11-24,-6.526358297357112
2021-11-25,-1.143594600284601
2021-11-26,-2.757660167130907
2021-11-27,0.0
2021-11-28,1.2941953751769666
2021-11-29,-0.4371734120487173
2021-11-30,8.175916061277185
2021-12-01,2.8242293621505876
2021-12-02,5.882649402408066
2021-12-03,-2.9329042582855527
2021-12-04,0.0
2021-12-05,0.0
2021-12-06,0.5228637116595118
2021-12-07,-2.96140732285992
2021-12-08,4.621497978238131
2021-12-09,-3.4225613146623544
2021-12-10,10.521228152019152
2021-12-11,0.0
2021-12-12,0.0
2021-12-13,-1.31817958907788
2021-12-14,11.45094768692535
2021-12-15,-3.1849487125810407
2021-12-16,3.8970513372752804
2021-12-17,1.6440739398333408
2021-12-18,0.0
2021-12-19,0.0
2021-12-20,-3.5136859114147807
2021-12-21,-2.3963356969480043
2021-12-22,-1.6521610201311834
2021-12-23,-2.9725043840783782
2021-12-24,0.0
2021-12-25,0.0
2021-12-26,0.0
2021-12-27,-1.8861543975307486
2021-12-28,-4.109674019161583
2021-12-29,-1.0625295322098085
2021-12-30,11.8620714688265
2021-12-31,0.0
2022-01-01,0.0
2022-01-02,0.0
2022-01-03,12.62867220162981
2022-01-04,1.6425700257887415
2022-01-05,-7.1955443815909
2022-01-06,-3.675632620550185
2022-01-07,-2.1994662448096696
2022-01-08,0.0
2022-01-09,0.0
2022-01-10,-3.8275613803409287
2022-01-11,-4.594311804432672
2022-01-12,-4.485282779264437
2022-01-13,3.295654613687793
2022-01-14,-1.8188428235954914
2022-01-15,0.0
2022-01-16,0.0
2022-01-17,-0.2632526591783435
2022-01-18,-0.5981139026695264
2022-01-19,5.984595602226884
2022-01-20,-4.872632384037349
2022-01-21,3.9717517140600638
2022-01-22,0.0
2022-01-23,0.0
2022-01-24,-6.418187420463804
2022-01-25,0.36241938795060014
2022-01-26,-6.288484187374959
2022-01-27,0.0
2022-01-28,0.0
2022-01-29,0.0
2022-01-30,0.0
2022-01-31,3.1941053415009577
2022-02-01,-7.994804028731896
2022-02-02,-0.7363647098889532
2022-02-03,4.824200824473842
2022-02-04,-6.139865732008371
2022-02-05,0.0
2022-02-06,0.0
2022-02-07,-1.3923801469996213
2022-02-08,-1.384119618458413
2022-02-09,1.0715717343253042
2022-02-10,-0.3642975076656825
2022-02-11,1.9229422066549888
2022-02-12,0.0
2022-02-13,0.0
2022-02-14,0.0
2022-02-15,11.212314676881903
2022-02-16,8.431854901615374
2022-02-17,0.0
2022-02-18,-3.0147358285531554
2022-02-19,0.0
2022-02-20,2.7171875344610625
2022-02-21,-4.800966170682574
2022-02-22,1.9050794973594054
2022-02-23,1.559792702378969
2022-02-24,6.7961165048544
2022-02-25,0.11970492902651461
2022-02-26,0.0
2022-02-27,0.0
2022-02-28,-2.3386204015161454
2022-03-01,-1.0313778990450424
2022-03-02,1.3873508098756766
2022-03-03,-1.2258841685685569
2022-03-04,-3.546975705206026
2022-03-05,0.0
2022-03-06,0.0
2022-03-07,-0.17988886923448355
2022-03-08,-3.818366066689208
2022-03-09,0.53902342484977
2022-03-10,0.6518876103915344
2022-03-11,-10.713023917094986
2022-03-12,0.0
2022-03-13,0.0
2022-03-14,-1.0749528554139145
2022-03-15,1.9107286341457523
2022-03-16,0.47832533347754214
2022-03-17,1.9147146507666053
2022-03-18,4.784897022437822
2022-03-19,0.0
2022-03-20,0.0
2022-03-21,3.3168947920345424
2022-03-22,1.9636921818602837
2022-03-23,6.4304668161031
2022-03-24,-4.867207995003083
2022-03-25,3.026866716943242
2022-03-26,0.0
2022-03-27,0.0
2022-03-28,5.619780203110893
2022-03-29,-0.9921771039155032
2022-03-30,5.835697288292652
2022-03-31,2.5128898307854985
2022-04-01,-0.27222722164801105
2022-04-02,0.0
2022-04-03,0.0
2022-04-04,-1.2561745089340142
2022-04-05,1.6033910505217763
2022-04-06,-4.130342333322086
2022-04-07,-1.630658361502551
2022-04-08,2.5242517862811575
2022-04-09,0.0
2022-04-10,0.0
2022-04-11,-2.768362043798006
2022-04-12,-11.053372170141623
2022-04-13,2.7108439981525483
2022-04-14,2.0295231976544694
2022-04-15,0.0
2022-04-16,0.0
2022-04-17,-1.956697091912546
2022-04-18,2.0615488385818335
2022-04-19,-4.814236957581743
2022-04-20,1.2063033833590127
2022-04-21,-9.582397909775354
2022-04-22,4.971871679149137
2022-04-23,0.0
2022-04-24,1.310053459850442
2022-04-25,0.0
2022-04-26,-0.5140732971753776
2022-04-27,-7.675181582480571
2022-04-28,2.4414117658789083
2022-04-29,-0.7736947599503573
2022-04-30,0.0
2022-05-01,0.0
2022-05-02,0.0
2022-05-03,2.561024893657236
2022-05-04,1.5984361380850909
2022-05-05,1.5941018232539186
2022-05-06,1.689649867604353
2022-05-07,0.0
2022-05-08,-0.41530532733656517
2022-05-09,7.497589384159477
2022-05-10,-9.37345715412017
2022-05-11,3.7980133126539197
2022-05-12,5.890143854464566
2022-05-13,0.0
2022-05-14,0.0
2022-05-15,0.0
2022-05-16,-3.011809668246968
2022-05-17,-3.4651665945478154
2022-05-18,0.1562620984156824
2022-05-19,-2.8927941904993637
2022-05-20,2.513546693653163
2022-05-21,0.0
2022-05-22,0.0
2022-05-23,0.7554739369967068
2022-05-24,-2.601658969369776
2022-05-25,7.808157840333504
2022-05-26,-2.6020784035087283
2022-05-27,-6.303488208595033
2022-05-28,0.0
2022-05-29,0.0
2022-05-30,0.14892388015308966
2022-05-31,6.758818740752922
2022-06-01,2.2142045454545225
2022-06-02,-5.243739655080323
2022-06-03,5.161799057624982
2022-06-04,0.0
2022-06-05,0.0
2022-06-06,-9.497621969615576
2022-06-07,4.488418997745986
2022-06-08,3.1701168240490465
2022-06-09,2.7066065467775355
2022-06-10,6.435568725875998
2022-06-11,0.0
2022-06-12,0.0
2022-06-13,7.870274471821385
2022-06-14,-3.699205375024225
2022-06-15,4.9488563458565995
2022-06-16,0.5638041348065821
2022-06-17,1.4264295253126265
2022-06-18,0.0
2022-06-19,0.008123385617488217
2022-06-20,1.3951751310620533
2022-06-21,-2.972326735334963
2022-06-22,7.1979587059110575
2022-06-23,-1.1255096808641287
2022-06-24,-1.6431263233351197
2022-06-25,0.0
2022-06-26,0.0
2022-06-27,-7.662651860497761
2022-06-28,-1.7464900140255872
2022-06-29,-3.899981708856006
2022-06-30,9.048832935729035
2022-07-01,1.7529566360053022
2022-07-02,0.0
2022-07-03,0.0
2022-07-04,0.9428829429449358
2022-07-05,0.6635632670333358
2022-07-06,0.0
2022-07-07,-2.5511893186614785
2022-07-08,-1.336632297515691
2022-07-09,0.0
2022-07-10,0.0
2022-07-11,-1.3429865557544614
2022-07-12,-6.512498603985473
2022-07-13,-7.962262130447586
2022-07-14,-9.183590216988765
2022-07-15,0.7910161894954755
2022-07-16,0.0
2022-07-17,0.0
2022-07-18,-4.442790029696276
2022-07-19,2.1620801091560473
2022-07-20,0.47867316124588033
2022-07-21,3.190395956192123
2022-07-22,0.0
2022-07-23,0.0
2022-07-24,0.0
2022-07-25,5.911207144463759
2022-07-26,2.1171393029110077
2022-07-27,6.763653529378201
2022-07-28,0.0
2022-07-29,-2.577641952342976
2022-07-30,0.0
2022-07-31,0.41074793151465877
2022-08-01,0.9350880219006746
2022-08-02,-3.8005305295133924
2022-08-03,-3.7596190819093915
2022-08-04,-4.305686274509928
2022-08-05,7.030223566986173
2022-08-06,0.0
2022-08-07,0.0
2022-08-08,6.773559392552293
2022-08-09,0.471861055283616
2022-08-10,-11.493887134121879
2022-08-11,3.354818972738183
2022-08-12,-1.3452609779576534
2022-08-13,0.0
2022-08-14,0.0
2022-08-15,5.2307902970014375
2022-08-16,-3.0609758518165373
2022-08-17,-2.5576136367248625
2022-08-18,-9.15745659967753
2022-08-19,2.5202415875754944
2022-08-20,0.0
2022-08-21,0.0
2022-08-22,0.7570324634235241
2022-08-23,4.674371273073697
2022-08-24,-4.7356448105933495
2022-08-25,-0.40770386559212646
2022-08-26,5.550899089442904
2022-08-27,0.0
2022-08-28,0.0
2022-08-29,3.2982344978541867
2022-08-30,4.48401774949598
2022-08-31,-4.953918653568826
2022-09-01,-7.084894791098175
2022-09-02,0.6537271448664165
2022-09-03,0.0
2022-09-04,0.0
2022-09-05,-0.1540342975853291
2022-09-06,-2.4242361485847357
2022-09-07,7.908682455671683
2022-09-08,1.6112832219142132
2022-09-09,-6.188340334549016
2022-09-10,0.0
2022-09-11,-0.7891837756634886
2022-09-12,-1.9475106157097697
2022-09-13,1.6683021057039302
2022-09-14,-4.376304206890099
2022-09-15,-7.05573803125311
2022-09-16,2.3974721583878473
2022-09-17,0.0
2022-09-18,0.0
2022-09-19,2.4949062780097497
2022-09-20,5.107235872582081
2022-09-21,-2.9424729353909003
2022-09-22,1.4977737459099942
2022-09-23,11.903866784863851
2022-09-24,0.0
2022-09-25,0.0
2022-09-26,-8.510082944521299
2022-09-27,0.7610177767838033
2022-09-28,8.024431004297288
2022-09-29,-4.906020922885424
2022-09-30,-2.3876186655970075
2022-10-01,0.0
2022-10-02,0.8774003613087469
2022-10-03,-6.574558629059434
2022-10-04,0.0
2022-10-05,3.29533421078439
2022-10-06,-0.12767977301038985
2022-10-07,1.921151154663064
2022-10-08,0.0
2022-10-09,0.0
2022-10-10,0.0
2022-10-11,2.0212714222363433
2022-10-12,0.4192215617617149
2022-10-13,-16.186745529842423
2022-10-14,-5.954312401370053
2022-10-15,0.0
2022-10-16,0.0
2022-10-17,0.9522902614226862
2022-10-18,0.4378686201303661
2022-10-19,7.61366235920892
2022-10-20,-0.8619439622018374
2022-10-21,-1.2328358208954742
2022-10-22,0.0
2022-10-23,0.0
2022-10-24,-0.0845205601700684
2022-10-25,-7.512495679103124
2022-10-26,-7.0989822847347845
2022-10-27,6.087280163328115
2022-10-28,-9.750721007161841
2022-10-29,0.0
2022-10-30,0.0
2022-10-31,-6.868106102621263
2022-11-01,5.131389210243885
2022-11-02,4.644890980878014
2022-11-03,1.9223019327348285
2022-11-04,-7.207100591715976
2022-11-05,0.0
2022-11-06,0.0
2022-11-07,-7.108957895556075
2022-11-08,-5.125745333260621
2022-11-09,-4.483302478919422
2022-11-10,7.55306849891513
2022-11-11,0.0
2022-11-12,0.0
2022-11-13,0.0
2022-11-14,-1.278806746122242
2022-11-15,-1.8645508642675745
2022-11-16,-4.347952847562025
2022-11-17,-2.5890144998335978
2022-11-18,4.959699381980555
2022-11-19,0.0
2022-11-20,0.0
2022-11-21,-4.4670784883721995
2022-11-22,0.14126893064842566
2022-11-23,-3.6353127325294574
2022-11-24,0.0
2022-11-25,1.8076743240509292
2022-11-26,0.0
2022-11-27,0.0
2022-11-28,-6.080547102183652
2022-11-29,5.75383802514342
2022-11-30,8.019133339971074
2022-12-01,0.0
2022-12-02,5.870650928007968
2022-12-03,0.0
2022-12-04,0.0
2022-12-05,10.68182915215571
2022-12-06,-0.8437858096800095
2022-12-07,8.710668458490847
2022-12-08,-6.500027001130613
2022-12-09,1.474457289825673
2022-12-10,0.0
2022-12-11,0.0
2022-12-12,-1.573954173405852
2022-12-13,15.77593725445673
2022-12-14,0.9114914291146519
2022-12-15,4.342915896425757
2022-12-16,5.637366483666787
2022-12-17,0.0
2022-12-18,0.0
2022-12-19,-0.7092141897369904
2022-12-20,9.943794208632834
2022-12-21,-3.419161839999521
2022-12-22,-6.37891314776287
2022-12-23,-0.24120291839779273
2022-12-24,0.0
2022-12-25,0.0
2022-12-26,0.0
2022-12-27,17.107976903024106
2022-12-28,5.969601499542394
2022-12-29,-9.764349519800872
2022-12-30,-4.681428419883938
2022-12-31,0.0
2023-01-01,0.0
2023-01-02,0.0
2023-01-03,0.24138575087634356
2023-01-04,-1.0708222862265453
2023-01-05,11.465160124785896
2023-01-06,3.3593570714904093
2023-01-07,0.0
2023-01-08,0.0
2023-01-09,0.41661931818185594
2023-01-10,2.157247154028691
2023-01-11,-2.763733466228561
2023-01-12,0.9497956568224548
2023-01-13,-14.242620503314871
2023-01-14,0.0
2023-01-15,0.0
2023-01-16,-0.675886900018789
2023-01-17,2.9762108421254276
2023-01-18,-2.046787304027771
2023-01-19,5.117717552276875
2023-01-20,-6.177222137655361
2023-01-21,0.0
2023-01-22,0.0
2023-01-23,0.5803834772784442
2023-01-24,3.6646768146477653
2023-01-25,0.4216678481199949
2023-01-26,3.2400222488080974
2023-01-27,-1.3451418919932416
2023-01-28,0.0
2023-01-29,0.0
2023-01-30,-4.6573357853429975
2023-01-31,-12.974260430870274
2023-02-01,-10.24735710492184
2023-02-02,9.848567328153628
2023-02-03,0.0
2023-02-04,0.0
2023-02-05,0.0
2023-02-06,0.0
2023-02-07,0.5565927505402598
2023-02-08,-2.9528026588710126
2023-02-09,-1.8523182945126626
2023-02-10,-0.06568635251566313
2023-02-11,0.0
2023-02-12,0.39018495780470025
2023-02-13,2.602746264361336
2023-02-14,4.30174983979992
2023-02-15,2.5115207373271544
2023-02-16,-0.8826911133769347
2023-02-17,5.137046861184727
2023-02-18,0.0
2023-02-19,0.0
2023-02-20,0.9538556828739291
2023-02-21,7.120892788258623
2023-02-22,-4.426654576893833
2023-02-23,0.47111588816067723
2023-02-24,0.6609718125804118
2023-02-25,0.0
2023-02-26,0.0
2023-02-27,1.0097268219617412
2023-02-28,-0.5787428716301891
2023-03-01,0.06760485651214576
2023-03-02,2.325804448932576
2023-03-03,6.144312825596127
2023-03-04,0.0
2023-03-05,0.0
2023-03-06,2.4378550543024224
2023-03-07,6.240540567607942
2023-03-08,-0.4133525534330458
2023-03-09,9.030302902382799
2023-03-10,0.0
2023-03-11,0.0
2023-03-12,0.0
2023-03-13,0.0
2023-03-14,0.5135939873848852
2023-03-15,9.472459862337988
2023-03-16,-0.010562942929281172
2023-03-17,-3.3444068887815583
2023-03-18,0.0
2023-03-19,0.0
2023-03-20,0.1746143674351123
2023-03-21,0.0
2023-03-22,4.711292627652379
2023-03-23,-7.060114217012323
2023-03-24,-6.675588893412966
2023-03-25,0.0
2023-03-26,0.0
2023-03-27,0.0
2023-03-28,1.3230713630671787
2023-03-29,0.6149279493111195
2023-03-30,10.316462112895524
2023-03-31,0.4071332477110605
2023-04-01,0.0
2023-04-02,0.0
2023-04-03,5.650137206530473
2023-04-04,2.925457640114485
2023-04-05,0.13975320179253217
2023-04-06,3.6696238765777007
2023-04-07,0.0
2023-04-08,0.0
2023-04-09,0.0
2023-04-10,-7.114066892084569
2023-04-11,3.4664309647761002
2023-04-12,-1.6807943109582146
2023-04-13,0.0
2023-04-14,15.904190550487883
2023-04-15,0.0
2023-04-16,0.0
2023-04-17,-1.7772648586266175
2023-04-18,0.16262336608489436
2023-04-19,1.9823977026376847
2023-04-20,0.244635493679779
2023-04-21,2.0365774530072898
2023-04-22,0.0
2023-04-23,0.0
2023-04-24,-1.6369264329958457
2023-04-25,-1.8827740500488122
2023-04-26,1.5144336162183665
2023-04-27,2.951256483263215
2023-04-28,-4.489994599916449
2023-04-29,0.0
2023-04-30,0.0
2023-05-01,-5.047029256479874
2023-05-02,11.095472698606025
2023-05-03,-7.109649122807018
2023-05-04,6.2068689017898
2023-05-05,3.420615315517641
2023-05-06,0.0
2023-05-07,0.0
2023-05-08,0.30877096468494725
2023-05-09,-5.299007674293163
2023-05-10,-6.6672162261060475
2023-05-11,5.443773034046501
2023-05-12,-0.14357747832758339
2023-05-13,0.0
2023-05-14,0.0
2023-05-15,-1.0810951176344177
2023-05-16,-1.0021234266289607
2023-05-17,0.0
2023-05-18,-7.2187499999999964
2023-05-19,-1.3491264502111142
2023-05-20,0.0
2023-05-21,0.0
2023-05-22,-5.589002470364374
2023-05-23,-4.0433025171692725
2023-05-24,-11.768266711525754
2023-05-25,-7.107353730542137
2023-05-26,1.3441865028873607
2023-05-27,0.0
2023-05-28,0.0
2023-05-29,-1.137216313539413
2023-05-30,-3.362805584132106
2023-05-31,-8.68197194645636
2023-06-01,1.195715866915819
2023-06-02,1.0462180094787081
2023-06-03,0.0
2023-06-04,0.0
2023-06-05,0.0
2023-06-06,-4.013988237338614
2023-06-07,4.346398922301436
2023-06-08,6.020189844809394
2023-06-09,1.6732848564310892
2023-06-10,0.0
2023-06-11,0.0
2023-06-12,0.14247589499922073
2023-06-13,-15.951177455213475
2023-06-14,-1.1513130530042952
2023-06-15,8.694013766534397
2023-06-16,-0.016969696969652268
2023-06-17,0.0
2023-06-18,-0.23515184090297214
2023-06-19,-8.218756964633421
2023-06-20,-3.0664886205917723
2023-06-21,-0.8104855758285175
2023-06-22,-0.9694794181143438
2023-06-23,4.040075599411729
2023-06-24,0.0
2023-06-25,0.0
2023-06-26,-5.87363128897066
2023-06-27,-4.591540657662957
2023-06-28,-6.184177421400538
2023-06-29,-5.224151425810686
2023-06-30,-2.897119424262745
2023-07-01,0.0
2023-07-02,0.0
2023-07-03,-5.19464991806157
2023-07-04,-5.206755727832564
2023-07-05,7.52549869949043
2023-07-06,2.709427702515841
2023-07-07,13.327344276305812
2023-07-08,0.0
2023-07-09,0.0
2023-07-10,-8.591903810807135
2023-07-11,0.31727434312100067
2023-07-12,-3.157624337082625
2023-07-13,-2.3793214862681467
2023-07-14,1.5778442738066514
2023-07-15,0.0
2023-07-16,0.0
2023-07-17,2.835901156876929
2023-07-18,-4.734061279006284
2023-07-19,0.867103591584059
2023-07-20,3.1344293517439548
2023-07-21,-11.76156249272887
2023-07-22,0.0
2023-07-23,0.8028807682049102
2023-07-24,-0.561937907618483
2023-07-25,-1.9350263721496417
2023-07-26,-10.31620040695594
2023-07-27,15.450154100799178
2023-07-28,5.315726730096086
2023-07-29,0.0
2023-07-30,0.0
2023-07-31,-9.60807583890967
2023-08-01,-3.6203653949487875
2023-08-02,-4.7613540758544
2023-08-03,-2.6213046948873058
2023-08-04,-9.479268233063683
2023-08-05,0.0
2023-08-06,0.0
2023-08-07,3.685652169778294
2023-08-08,-0.03205785069601241
2023-08-09,4.3012237808923075
2023-08-10,-0.7851686940783353
2023-08-11,0.234248215284248
2023-08-12,0.0
2023-08-13,0.0
2023-08-14,-8.824208497883397
2023-08-15,-0.8576106594399335
2023-08-16,6.854427348801689
2023-08-17,-4.8916312016478845
2023-08-18,-1.9260445639623012
2023-08-19,0.0
2023-08-20,0.0
2023-08-21,0.8608549121627138
2023-08-22,-4.2067662670659365
2023-08-23,-7.127376944772997
2023-08-24,2.2259956326607027
2023-08-25,3.249785646988882
2023-08-26,0.0
2023-08-27,-1.1488178025034728
2023-08-28,-8.398109690469484
2023-08-29,2.0489447117553956
2023-08-30,0.0
2023-08-31,2.638125233545102
2023-09-01,-6.169792984174294
2023-09-02,0.0
2023-09-03,0.0
2023-09-04,0.5968062419444307
2023-09-05,-7.18915084780112
2023-09-06,-7.137127185464519
2023-09-07,-2.9371379337237387
2023-09-08,7.268148013020214
2023-09-09,0.0
2023-09-10,0.0
2023-09-11,8.013394344113935
2023-09-12,7.893459997016066
2023-09-13,-3.685210336817449
2023-09-14,5.193920119069617
2023-09-15,0.0
2023-09-16,0.0
2023-09-17,0.0
2023-09-18,-4.8795041673056465
2023-09-19,-7.3263374940809465
2023-09-20,-8.75164517814573
2023-09-21,-4.842423911857685
2023-09-22,2.3141950019317883
2023-09-23,0.0
2023-09-24,0.3552915766739214
2023-09-25,-2.10149876336662
2023-09-26,-7.152605188576408
2023-09-27,0.0
2023-09-28,0.0
2023-09-29,6.603857300901415
2023-09-30,0.0
2023-10-01,0.0
2023-10-02,0.0
2023-10-03,-2.883278281659888
2023-10-04,-0.662074429446417
2023-10-05,8.17241796544207
2023-10-06,-0.09449040135277986
2023-10-07,0.0
2023-10-08,0.0
2023-10-09,0.0
2023-10-10,-2.0460084670317253
2023-10-11,-7.1924398625429555
2023-10-12,4.500166722240605
2023-10-13,3.8780020627671377
2023-10-14,0.0
2023-10-15,0.0
2023-10-16,-1.0843265498711268
2023-10-17,-2.0196615197651777
2023-10-18,1.6158620789905662
2023-10-19,-1.8922896274528134
2023-10-20,-7.082617804136793
2023-10-21,0.0
2023-10-22,-1.1502500543596756
2023-10-23,-0.5136550716336483
2023-10-24,7.764107535557373
2023-10-25,-3.2348485535531606
2023-10-26,1.7980197939230105
2023-10-27,-3.7895258398319784
2023-10-28,0.0
2023-10-29,0.0
2023-10-30,-0.9623816763620738
2023-10-31,5.396805033799756
2023-11-01,0.844669771429643
2023-11-02,-1.242684876996239
2023-11-03,10.76572816332554
2023-11-04,0.0
2023-11-05,0.0
2023-11-06,-3.72808270106837
2023-11-07,0.0
2023-11-08,9.793001648979715
2023-11-09,3.928725769580013
2023-11-10,2.9771613329060345
2023-11-11,0.0
2023-11-12,0.0
2023-11-13,0.3051515278534766
2023-11-14,-1.3222782984858719
2023-11-15,1.0883955080218721
2023-11-16,20.94076440844929
2023-11-17,1.1714836223506875
2023-11-18,0.0
2023-11-19,0.0
2023-11-20,2.070099832446956
2023-11-21,0.0
2023-11-22,-2.1234658022686403
2023-11-23,2.0047869014172104
2023-11-24,3.9920225429471325
2023-11-25,0.0
2023-11-26,0.0
2023-11-27,-1.2332127370230426
2023-11-28,-8.030948297138742
2023-11-29,-3.707896229089788
2023-11-30,2.9394421651312346
2023-12-01,-9.026074262968285
2023-12-02,0.0
2023-12-03,0.0
2023-12-04,-0.6236684098392313
2023-12-05,-6.217080712692793
2023-12-06,7.011222720208275
2023-12-07,-1.7867576343789833
2023-12-08,11.628759932889004
2023-12-09,0.0
2023-12-10,0.0
2023-12-11,0.0
2023-12-12,0.8311744123261942
2023-12-13,15.988447410965268
2023-12-14,0.0
2023-12-15,2.2267162353222165
2023-12-16,0.0
2023-12-17,0.0
2023-12-18,0.18321862549952828
2023-12-19,8.782283257105341
2023-12-20,3.907041111135384
2023-12-21,1.1219424293255984
2023-12-22,-1.0103017436397397
2023-12-23,0.0
2023-12-24,0.0
2023-12-25,0.0
2023-12-26,-7.563274116246893
2023-12-27,-7.137863121614968
2023-12-28,3.5181907269992414
2023-12-29,1.7186621306898406
2023-12-30,0.0
2023-12-31,0.0
2024-01-01,0.0
2024-01-02,6.600398497514979
2024-01-03,-9.044688613525278
2024-01-04,-4.156013534476073
2024-01-05,-1.3879450854005742
2024-01-06,0.0
2024-01-07,0.0
2024-01-08,-0.3361915750318438
2024-01-09,-6.199272122681673
2024-01-10,-1.910087417722326
2024-01-11,-1.5301235943217244
2024-01-12,-2.4179425194734634
2024-01-13,0.0
2024-01-14,0.3668987250189244
2024-01-15,0.4593078632659972
2024-01-16,0.30512619709966904
2024-01-17,-7.080854750216574
2024-01-18,0.7068170485315941
2024-01-19,0.4189038031319867
2024-01-20,0.0
2024-01-21,0.0
2024-01-22,1.6796851859057087
2024-01-23,5.553276897403224
2024-01-24,-5.807295283162093
2024-01-25,3.5898964217768152
2024-01-26,-2.107578884624538
2024-01-27,0.0
2024-01-28,-7.1547217770901215
2024-01-29,-3.0209095773196117
2024-01-30,0.15805979510767515
2024-01-31,7.452853957687751
2024-02-01,5.32504688626305
2024-02-02,14.409477971121873
2024-02-03,0.0
2024-02-04,0.0
2024-02-05,0.05321929199331413
2024-02-06,6.582938580527275
2024-02-07,-10.189960482619497
2024-02-08,7.938963441810426
2024-02-09,3.642742057571588
2024-02-10,0.0
2024-02-11,0.0
2024-02-12,-9.623555521449944
2024-02-13,2.597877425860131
2024-02-14,-0.022014556563969334
2024-02-15,3.948659540093699
2024-02-16,1.8262203626220705
2024-02-17,0.0
2024-02-18,0.0
2024-02-19,-1.0136705030528117
2024-02-20,3.026657997398973
2024-02-21,0.20800758963482635
2024-02-22,-0.7403630938379391
2024-02-23,-11.88650775898353
2024-02-24,0.0
2024-02-25,0.0
2024-02-26,-5.700586510264037
2024-02-27,-3.343938201144944
2024-02-28,-5.483269859885792
2024-02-29,5.152854193168537
2024-03-01,0.5546685178758817
2024-03-02,0.0
2024-03-03,0.0
2024-03-04,0.0
2024-03-05,0.0
2024-03-06,-7.605562285227948
2024-03-07,1.2680339183593186
2024-03-08,-1.7825092883681026
2024-03-09,0.0
2024-03-10,0.0
2024-03-11,0.5658138616847777
2024-03-12,5.009166435813291
2024-03-13,2.4027747288928927
2024-03-14,8.990474192261638
2024-03-15,3.0088018050346457
2024-03-16,0.0
2024-03-17,0.0
2024-03-18,3.010243638342329
2024-03-19,3.2826925408837977
2024-03-20,-5.50223589721416
2024-03-21,4.444957659738338
2024-03-22,-14.275150486183254
2024-03-23,0.0
2024-03-24,0.0
2024-03-25,6.53247763134703
2024-03-26,14.565050687203248
2024-03-27,-8.420737709287994
2024-03-28,-4.433869350238558
2024-03-29,0.0
2024-03-30,0.0
2024-03-31,0.0
2024-04-01,-0.8916289823040785
2024-04-02,-3.098516949152567
2024-04-03,-6.602659405794862
2024-04-04,-4.132723512097879
2024-04-05,11.027517438088587
2024-04-06,0.0
2024-04-07,0.0
2024-04-08,-9.666455170470776
2024-04-09,0.020698491967005836
2024-04-10,-6.2880388232753095
2024-04-11,0.1392938579537466
2024-04-12,0.0
2024-04-13,0.0
2024-04-14,1.2678612579956279
2024-04-15,-11.940508044966258
2024-04-16,-4.151437373729239
2024-04-17,0.7803874785746372
2024-04-18,5.013618950116407
2024-04-19,8.562521616675635
2024-04-20,0.0
2024-04-21,0.0
2024-04-22,3.241533798919486
2024-04-23,1.5972554629468254
2024-04-24,-1.3420453926375628
2024-04-25,5.1164985175841755
2024-04-26,-4.9601194774777575
2024-04-27,0.0
2024-04-28,0.0
2024-04-29,10.284213730685268
2024-04-30,-2.6303312893050315
2024-05-01,5.039301059868142
2024-05-02,4.755824325783408
2024-05-03,-6.083343731529371
2024-05-04,0.0
2024-05-05,-0.5756263170217832
2024-05-06,0.0
2024-05-07,0.8505286350046035
2024-05-08,-5.855827555391784
2024-05-09,-1.5193779488233776
2024-05-10,-0.43635255781920684
2024-05-11,0.0
2024-05-12,0.0
2024-05-13,4.4837814171173065
2024-05-14,3.0932978005579432
2024-05-15,-7.076701821668263
2024-05-16,2.515037419234896
2024-05-17,12.286103537192155
2024-05-18,0.0
2024-05-19,0.0
2024-05-20,0.7087161412623586
2024-05-21,1.1897916709017875
2024-05-22,9.143571263951438
2024-05-23,0.0
2024-05-24,-2.134115309114757
2024-05-25,0.0
2024-05-26,0.0
2024-05-27,3.584583850161814
2024-05-28,-1.2814631000032732
2024-05-29,3.186155293739253
2024-05-30,-0.5336391123660038
2024-05-31,-13.597576463874887
2024-06-01,0.0
2024-06-02,0.0
2024-06-03,6.358469300635608
2024-06-04,8.799554943360105
2024-06-05,13.919187359977256
2024-06-06,-7.0701227147508146
2024-06-07,10.38075029026742
2024-06-08,0.0
2024-06-09,0.0
2024-06-10,1.1699511038671646
2024-06-11,2.5791188368804723
2024-06-12,-2.1958341156054995
2024-06-13,-8.250635504673754
2024-06-14,3.1115934966552503
2024-06-15,0.0
2024-06-16,0.0
2024-06-17,-3.1707039089647417
2024-06-18,0.18098627168511117
2024-06-19,1.5382842214453085
2024-06-20,-4.115516779722465
2024-06-21,17.25941609757556
2024-06-22,0.0
2024-06-23,0.0
2024-06-24,-1.741225758543766
2024-06-25,-5.792315409565498
2024-06-26,-11.239231660757476
2024-06-27,8.099028883424618
2024-06-28,-4.363357108556982
2024-06-29,0.0
2024-06-30,0.0
2024-07-01,2.573129033327829
2024-07-02,4.71282258282454
2024-07-03,-7.165621672778904
2024-07-04,-2.7854765038321574
2024-07-05,6.654316164390051
2024-07-06,0.0
2024-07-07,0.0
2024-07-08,8.303152345357745
2024-07-09,-7.583691159386493
2024-07-10,-6.258826554593224
2024-07-11,-5.309718681515348
2024-07-12,0.8782407281551476
2024-07-13,0.0
2024-07-14,0.0
2024-07-15,-5.381818046978379
2024-07-16,0.11922420582820784
2024-07-17,1.7836289726533958
2024-07-18,-11.244870768404644
2024-07-19,0.0
2024-07-20,0.0
2024-07-21,0.0
2024-07-22,3.148900922840384
2024-07-23,7.0554553774118265
2024-07-24,-15.07463584517521
2024-07-25,0.0
2024-07-26,5.782026774888879
2024-07-27,0.0
2024-07-28,0.0
2024-07-29,3.0153846153847077
2024-07-30,0.5605282025801586
2024-07-31,0.0
2024-08-01,-6.967519218174118
2024-08-02,-5.387474419719344
2024-08-03,0.0
2024-08-04,0.0
2024-08-05,-4.6109246730408975
2024-08-06,2.0361167456777216
2024-08-07,-0.9840095972266236
2024-08-08,6.565947333157846
2024-08-09,-6.714141813563987
2024-08-10,0.0
2024-08-11,0.0
2024-08-12,-8.142310712141988
2024-08-13,-4.489314129453093
2024-08-14,-8.937838835685845
2024-08-15,2.623148293595377
2024-08-16,5.0719999999999335
2024-08-17,0.0
2024-08-18,0.0
2024-08-19,-2.523222852180824
2024-08-20,-2.2992900398097973
2024-08-21,1.917158352849731
2024-08-22,9.23207077898858
2024-08-23,7.3347244776095675
2024-08-24,0.0
2024-08-25,0.7243269631724328
2024-08-26,-0.6257716049383137
2024-08-27,-2.823730483013876
2024-08-28,9.069175289093243
2024-08-29,5.158742401537041
2024-08-30,-7.655307799923554
2024-08-31,0.0
2024-09-01,0.0
2024-09-02,0.1778910217565366
2024-09-03,-6.580410118657346
2024-09-04,3.066328452617635
2024-09-05,-3.1514960261145712
2024-09-06,3.198449928186255
2024-09-07,0.0
2024-09-08,0.0
2024-09-09,3.2851050978979908
2024-09-10,-2.206840085097781
2024-09-11,4.0694822031773645
2024-09-12,-5.690583044826354
2024-09-13,0.0
2024-09-14,0.0
2024-09-15,0.0
2024-09-16,0.6327205348409559
2024-09-17,-4.041006335665912
2024-09-18,-9.838798529288066
2024-09-19,9.9643222769016
2024-09-20,-7.173117348831463
2024-09-21,0.0
2024-09-22,0.0
2024-09-23,-3.867448890710682
2024-09-24,-6.389737521801217
2024-09-25,-0.018081381778531923
2024-09-26,-12.606597589289334
2024-09-27,0.7920017095950835
2024-09-28,0.0
2024-09-29,0.0
2024-09-30,2.3331645081157015
2024-10-01,5.107296137339091
2024-10-02,3.524297730184072
2024-10-03,-2.578768990527669
2024-10-04,2.9406537739082093
2024-10-05,0.0
2024-10-06,0.0
2024-10-07,3.1215641213596603
2024-10-08,1.1054066586446067
2024-10-09,-5.282784883338396
2024-10-10,3.8143047005161126
2024-10-11,0.0
2024-10-12,0.0
2024-10-13,0.0
2024-10-14,-7.863380090045272
2024-10-15,8.161129975464661
2024-10-16,-0.4133167461982329
2024-10-17,6.129970365049942
2024-10-18,-3.727889681490026
2024-10-19,0.0
2024-10-20,0.0
2024-10-21,0.2076076076076241
2024-10-22,8.117151945423018
2024-10-23,5.445423588989295
2024-10-24,3.7486242254953246
2024-10-25,-1.1657321528906106
2024-10-26,0.0
2024-10-27,0.0
2024-10-28,1.2909937065737973
2024-10-29,2.22267901503258
2024-10-30,-4.474539961548948
2024-10-31,17.469679957001087
2024-11-01,-0.7359410741272923
2024-11-02,0.0
2024-11-03,0.0
2024-11-04,-2.4266227275694576
2024-11-05,3.890474222834323
2024-11-06,11.803256090044624
2024-11-07,8.016070933776797
2024-11-08,2.9153002287529843
2024-11-09,0.0
2024-11-10,0.0
2024-11-11,-7.088339222614842
2024-11-12,-2.179815833384842
2024-11-13,2.5588879649450695
2024-11-14,2.876596715328449
2024-11-15,-3.4391925547674713
2024-11-16,0.0
2024-11-17,0.0
2024-11-18,0.0
2024-11-19,-1.6070068545316665
2024-11-20,-7.068580386009601
2024-11-21,1.1459636442261771
2024-11-22,3.5276769837942883
2024-11-23,0.0
2024-11-24,0.0
2024-11-25,-1.0794153786338594
2024-11-26,0.3975549898631617
2024-11-27,2.333358812012508
2024-11-28,0.9433271219111128
2024-11-29,5.8695432492816
2024-11-30,0.0
2024-12-01,0.0
2024-12-02,2.1044264384328293
2024-12-03,2.3366540965660243
2024-12-04,-2.208177134286003
2024-12-05,1.9946570276353417
2024-12-06,-1.0906049020727848
2024-12-07,0.0
2024-12-08,0.0
2024-12-09,2.177669734823312
2024-12-10,-1.9403311577415945
2024-12-11,-7.405103509305357
2024-12-12,6.102026211219183
2024-12-13,-1.835624284077957
2024-12-14,0.0
2024-12-15,0.0
2024-12-16,-0.671795208456902
2024-12-17,-3.3180271356094115
2024-12-18,3.290334612760938
2024-12-19,-3.1739051572986288
2024-12-20,0.46040020024723183
2024-12-21,0.0
2024-12-22,0.0
2024-12-23,-7.475620920402481
2024-12-24,-7.620277787835912
2024-12-25,0.0
2024-12-26,-0.6198877625682107
2024-12-27,-5.797478303840686
2024-12-28,0.0
2024-12-29,0.0
2024-12-30,6.291295663885186
2024-12-31,2.863507694774521
2025-01-01,0.0
2025-01-02,0.0
2025-01-03,1.6328044013013865
2025-01-04,0.0
2025-01-05,0.0
2025-01-06,-11.473081396035633
2025-01-07,8.614702857548906
2025-01-08,-8.853043770497374
2025-01-09,-2.6079915007534185
2025-01-10,0.7693945920808494
2025-01-11,0.0
2025-01-12,0.0
2025-01-13,5.193690000777677
2025-01-14,2.4303282244446787
2025-01-15,-7.6192256004937855
2025-01-16,0.0
2025-01-17,0.7686504810891236
2025-01-18,0.0
2025-01-19,0.0
2025-01-20,6.545025309533667
2025-01-21,1.4499805128572203
2025-01-22,-1.0220385674931134
2025-01-23,-3.548554099803209
2025-01-24,7.62264121465299
2025-01-25,0.0
2025-01-26,0.0
2025-01-27,6.5627013676414165
2025-01-28,4.3803631550171
2025-01-29,2.9898805751910453
2025-01-30,-1.620849959322813
2025-01-31,-7.06758877060854
2025-02-01,0.0
2025-02-02,0.0
2025-02-03,0.9516330905520873
2025-02-04,-6.429862954843378
2025-02-05,0.0
2025-02-06,7.2238667573241
2025-02-07,-13.638756139031457
2025-02-08,0.0
2025-02-09,0.0
2025-02-10,0.0
2025-02-11,3.1280155102735505
2025-02-12,-0.8836615349961492
2025-02-13,-2.5200405084039357
2025-02-14,2.257455944810599
2025-02-15,0.0
2025-02-16,0.0
2025-02-17,-1.3567573223615135
2025-02-18,10.0032323106088
2025-02-19,1.7444870157514087
2025-02-20,0.5228527603709293
2025-02-21,6.670895705774782
2025-02-22,0.0
2025-02-23,0.0
2025-02-24,5.12487451576254
2025-02-25,-0.5544218329646071
2025-02-26,0.6775337734715237
2025-02-27,-5.283631232361388
2025-02-28,0.0
2025-03-01,0.0
2025-03-02,0.0
2025-03-03,-5.306045858898833
2025-03-04,-7.073529411764704
2025-03-05,-1.7481212907059327
2025-03-06,-10.348944205778391
2025-03-07,1.2098733874301473
2025-03-08,0.0
2025-03-09,0.0
2025-03-10,4.657253302491887
2025-03-11,4.67554395898073
2025-03-12,-3.745701373985349
2025-03-13,-2.845747606997509
2025-03-14,0.7659936962263192
2025-03-15,0.0
2025-03-16,0.0
2025-03-17,-2.7193236454825795
2025-03-18,0.0
2025-03-19,-4.080136869776495
2025-03-20,0.9797259709288486
2025-03-21,6.986938836436938
2025-03-22,0.0
2025-03-23,0.0
2025-03-24,-2.4961065283273935
2025-03-25,1.2134462659088696
2025-03-26,-2.1461781202738326
2025-03-27,-8.03041184138911
2025-03-28,-3.405366549076883
2025-03-29,0.0
2025-03-30,0.0
2025-03-31,-9.910579574748125
2025-04-01,0.9520246890489138
2025-04-02,-8.422506714043335
2025-04-03,3.118193370617642
2025-04-04,-3.95164363529782
2025-04-05,0.0
2025-04-06,0.0
2025-04-07,-1.1441314649750627
2025-04-08,-2.480805335689241
2025-04-09,4.74029850746266
2025-04-10,3.331233118380904
2025-04-11,0.0
2025-04-12,0.0
2025-04-13,0.0
2025-04-14,5.104291601132912
2025-04-15,-4.995724074082149
2025-04-16,0.0
2025-04-17,2.99146741483918
2025-04-18,0.0
2025-04-19,0.0
2025-04-20,-3.456717669251703
2025-04-21,0.0
2025-04-22,6.526775141452267
2025-04-23,-6.019950377234315
2025-04-24,-3.405858161111914
2025-04-25,5.055212391903451
2025-04-26,0.0
2025-04-27,0.0
2025-04-28,9.59275999498467
2025-04-29,-2.62984557324106
2025-04-30,-4.734020270703942
2025-05-01,0.0
2025-05-02,-1.383260649183324
2025-05-03,0.0
2025-05-04,0.0
2025-05-05,-5.256842157031506
2025-05-06,0.0
2025-05-07,-5.582823625000233
2025-05-08,-1.774165346174847
2025-05-09,0.44975950045420765
2025-05-10,0.0
2025-05-11,0.0
2025-05-12,0.0
2025-05-13,0.7731036715962182
2025-05-14,-7.033662342658603
2025-05-15,3.714456233421772
2025-05-16,3.8077551935020764
2025-05-17,0.0
2025-05-18,-7.02538761447094
2025-05-19,-1.5568100953555584
2025-05-20,6.133409671283388
2025-05-21,-2.7259481654818716
2025-05-22,4.597164733338129
2025-05-23,-3.5597844459027264
2025-05-24,0.0
2025-05-25,0.0
2025-05-26,-3.0160653147594148
2025-05-27,8.369149639885753
2025-05-28,-1.8732697999954881
2025-05-29,8.788651809704517
2025-05-30,0.9675086765235625
2025-05-31,0.0
2025-06-01,0.0
2025-06-02,-2.570145735505915
2025-06-03,2.2194644986059977
2025-06-04,-3.5354547180301754
2025-06-05,-4.000455866176839
2025-06-06,2.941111089429087
2025-06-07,0.0
2025-06-08,0.0
2025-06-09,1.1797576380572603
2025-06-10,-0.690628218717388
2025-06-11,2.007601205712921
2025-06-12,-5.045535317636582
2025-06-13,0.0
2025-06-14,0.0
2025-06-15,0.0
2025-06-16,6.117282248324976
2025-06-17,-3.0039750493403146
2025-06-18,-5.6929732174220735
2025-06-19,-6.420026148042445
2025-06-20,2.7369239248717276
2025-06-21,0.0
2025-06-22,0.0
2025-06-23,-5.504301488320868
2025-06-24,-7.033942273889905
2025-06-25,-0.138935708447969
2025-06-26,-8.606741242719266
2025-06-27,0.0
2025-06-28,0.0
2025-06-29,0.0
2025-06-30,6.9297529258290425
2025-07-01,0.08708732235465606
2025-07-02,3.0781559725047423
2025-07-03,-7.509073529709716
2025-07-04,3.914663051432594
2025-07-05,0.0
2025-07-06,0.0
2025-07-07,11.74849709485174
2025-07-08,2.371522640547586
2025-07-09,3.630348603629941
2025-07-10,0.9015066616859002
2025-07-11,-7.5715858722886455
2025-07-12,0.0
2025-07-13,0.0
2025-07-14,3.332551297090483
2025-07-15,-2.1204930155620287
2025-07-16,-4.609636033195422
2025-07-17,-6.773680514178336
2025-07-18,6.210227713841939
2025-07-19,0.0
2025-07-20,0.0
2025-07-21,-3.826591782628047
2025-07-22,-5.8912073331864026
2025-07-23,0.16059869742322486
2025-07-24,-1.0355759070095645
2025-07-25,-7.090597295023616
2025-07-26,0.0
2025-07-27,0.0
2025-07-28,-7.451465764944602
2025-07-29,0.5529605013834129
2025-07-30,-8.003389048910725
2025-07-31,0.7117668814267333
2025-08-01,12.636080497842716
2025-08-02,0.0
2025-08-03,0.0
2025-08-04,0.0
2025-08-05,4.472803526297107
2025-08-06,2.2900904068975745
2025-08-07,-5.968004810136378
2025-08-08,-3.231822811366414
2025-08-09,0.0
2025-08-10,0.0
2025-08-11,-0.49424747015539383
2025-08-12,-2.7219147383006375
2025-08-13,0.3737065811615551
2025-08-14,6.246740173136629
2025-08-15,-2.6628369719711946
2025-08-16,0.0
2025-08-17,0.0
2025-08-18,6.938173919745833
2025-08-19,-5.095629382283985
2025-08-20,8.607915969556194
2025-08-21,2.270117107203282
2025-08-22,-4.04995741541099
2025-08-23,0.0
2025-08-24,0.0
2025-08-25,-10.858393120191664
2025-08-26,-1.7282965633384668
2025-08-27,0.200822163008525
2025-08-28,2.715385078130099
2025-08-29,-7.0024780710118
2025-08-30,0.0
2025-08-31,0.0
2025-09-01,0.0
2025-09-02,-1.2321699544765286
2025-09-03,0.0
2025-09-04,-8.040437772461324
2025-09-05,0.08772536420716101
2025-09-06,0.0
2025-09-07,0.0
2025-09-08,-4.966598378908051
2025-09-09,-1.1644989820239797
2025-09-10,3.4949482773953813
2025-09-11,1.9751991571218164
2025-09-12,-1.5855149353689608
2025-09-13,0.0
2025-09-14,0.0
2025-09-15,9.206444510148378
2025-09-16,0.014285349863559525
2025-09-17,2.452429377629174
2025-09-18,0.723136509710745
2025-09-19,8.421627919776192
2025-09-20,0.0
2025-09-21,0.0
2025-09-22,0.0
2025-09-23,0.0
2025-09-24,-5.9865503301237855
2025-09-25,-5.357866952743579
2025-09-26,6.607028766910672
2025-09-27,0.0
2025-09-28,0.0
2025-09-29,2.534850091583928
2025-09-30,1.5661492950800717
2025-10-01,-1.5657597591139203
2025-10-02,6.7703309868810155
2025-10-03,0.8367050299590004
2025-10-04,0.0
2025-10-05,0.0
2025-10-06,0.0
2025-10-07,0.9877916941042824
2025-10-08,0.0
2025-10-09,-1.9935535751766236
2025-10-10,2.069186982192564
2025-10-11,0.0
2025-10-12,-4.68745800556136
2025-10-13,0.0
2025-10-14,-4.913347784970796
2025-10-15,-1.1461019477642456
2025-10-16,-2.5234178661183355
2025-10-17,0.9804640193766178
2025-10-18,0.0
2025-10-19,0.0
2025-10-20,3.01603600686236
2025-10-21,8.53508104628708
2025-10-22,-7.01470843160842
2025-10-23,3.8634706585593372
2025-10-24,6.83421805046706
2025-10-25,0.0
2025-10-26,0.0
2025-10-27,-3.0274693161893538
2025-10-28,-6.149599559761177
2025-10-29,4.06827226100852
2025-10-30,6.816486157733584
2025-10-31,0.5127546910961922
2025-11-01,0.0
2025-11-02,0.0
2025-11-03,5.341961159736871
2025-11-04,-3.7561588359362705
2025-11-05,4.69447966882117
2025-11-06,-0.4063569015286641
2025-11-07,1.5798048666138234
2025-11-08,0.0
2025-11-09,0.7508528111181363
2025-11-10,0.0
2025-11-11,0.7085610826050166
2025-11-12,10.272848021735907
2025-11-13,2.3108698323292796
2025-11-14,13.982028281005082
2025-11-15,0.0
2025-11-16,0.0
2025-11-17,3.880437609023335
2025-11-18,4.093970646913507
2025-11-19,-7.018359362539354
2025-11-20,-1.8972363333395772
2025-11-21,3.391204609592708
2025-11-22,0.0
2025-11-23,0.0
2025-11-24,2.080767110295952
2025-11-25,-1.186030823395295
2025-11-26,-4.6392802236968
2025-11-27,-1.143815572623086
2025-11-28,-9.743359935211762
2025-11-29,0.0
2025-11-30,0.0
2025-12-01,-1.209124539393151
2025-12-02,5.188002453475984
2025-12-03,-7.788835354571118
2025-12-04,1.6849561521684133
2025-12-05,3.6077141290610473
2025-12-06,0.0
2025-12-07,1.5155848508546514
2025-12-08,-3.865520151598898
2025-12-09,1.8586609091840232
2025-12-10,-5.763197058899922
2025-12-11,-4.091867108740727
2025-12-12,0.0
2025-12-13,0.0
2025-12-14,-1.0540079632555668
2025-12-15,2.4191058888967776
2025-12-16,-10.059660655700277
2025-12-17,2.0158426608359585
2025-12-18,0.42246898287237844
2025-12-19,4.457099604096191
2025-12-20,0.0
2025-12-21,0.0
2025-12-22,8.955909930487914
2025-12-23,0.052753955749063275
2025-12-24,-1.1461606182208932
2025-12-25,0.0
2025-12-26,-11.966491617128085
2025-12-27,0.0
2025-12-28,0.9152184214234171
2025-12-29,-1.4369039444571252
2025-12-30,2.717767053529977
2025-12-31,-8.476602045782013
2026-01-01,0.0
2026-01-02,6.5695410533386305
2026-01-03,0.0
2026-01-04,0.0
2026-01-05,-4.935589432516484
2026-01-06,-8.306762954292926
2026-01-07,8.482988029634438
2026-01-08,8.796592395651786
2026-01-09,-7.039236018665135
2026-01-10,0.0
2026-01-11,0.0
2026-01-12,6.188336207504482
2026-01-13,4.430440129998541
2026-01-14,1.4218743326507641
2026-01-15,2.957109481422996
2026-01-16,-9.51459679667285
2026-01-17,0.0
2026-01-18,0.0
2026-01-19,0.0
2026-01-20,-7.038586626977565
2026-01-21,1.6175998219027585
2026-01-22,4.1145183746133736
2026-01-23,-2.635480572597113
2026-01-24,0.0
2026-01-25,0.0
2026-01-26,2.2039030101566617
2026-01-27,-5.772373401583668
2026-01-28,0.0
2026-01-29,0.0
2026-01-30,5.516734772224717
2026-01-31,0.0
2026-02-01,0.0
2026-02-02,-1.6557208825038479
2026-02-03,1.8942147536736234
2026-02-04,9.73144150556924
2026-02-05,2.3638237437276444
2026-02-06,5.241637218913326
2026-02-07,0.0
2026-02-08,0.0
2026-02-09,-4.128830989811238
2026-02-10,-4.9296400408284
2026-02-11,6.786787283992954
2026-02-12,6.684774429059885
2026-02-13,2.233972586074971
2026-02-14,0.0
2026-02-15,0.0
2026-02-16,0.11268575818180482
2026-02-17,1.6001923186996532
2026-02-18,3.40124781743166
2026-02-19,-7.258350509135401
2026-02-20,3.9086176605133556
2026-02-21,0.0
2026-02-22,0.0
2026-02-23,0.0
2026-02-24,1.4794519821077556
2026-02-25,-2.6260630730952648
2026-02-26,-1.9954428738179937
2026-02-27,-2.903811032432966
2026-02-28,0.0
2026-03-01,0.0
2026-03-02,0.4152994629188536
2026-03-03,7.672771562889752
2026-03-04,-0.0962914619083711
2026-03-05,-0.5814688544752726
2026-03-06,-3.4964057190276043
2026-03-07,0.0
2026-03-08,0.0
2026-03-09,2.209004252567582
2026-03-10,-3.7944026573824985
2026-03-11,9.024368141486061
2026-03-12,-6.640394592568139
2026-03-13,-1.4941873216670833
2026-03-14,0.0
2026-03-15,0.0
2026-03-16,-2.5939310503069466
2026-03-17,-0.16393454895077963
2026-03-18,-7.271039341362097
2026-03-19,0.0
2026-03-20,6.412388794116691
2026-03-21,0.0
2026-03-22,0.0
2026-03-23,1.3597941416256336
2026-03-24,-1.7965116607083473
2026-03-25,10.771771249782786
2026-03-26,-3.9216838007387445
2026-03-27,1.6557848389730077
2026-03-28,0.0
2026-03-29,0.0
2026-03-30,1.7250339299936153
2026-03-31,-14.792238575082994
2026-04-01,0.0
2026-04-02,9.927626653356615
2026-04-03,0.0
2026-04-04,0.0
2026-04-05,-2.49691245913547
2026-04-06,0.6155681357711544
2026-04-07,-1.2809708168253122
2026-04-08,2.784130759613305
2026-04-09,0.8971328767527043
2026-04-10,-6.24337027390585
2026-04-11,0.0
2026-04-12,0.0
2026-04-13,1.0891864113751377
2026-04-14,-4.875464488154501
2026-04-15,2.276217341721778
2026-04-16,-0.3327324237972925
2026-04-17,11.557235751756387
2026-04-18,0.0
2026-04-19,-7.025217728062828
2026-04-20,0.6658919450877814
2026-04-21,-3.266467126638757
2026-04-22,0.9231771993409439
2026-04-23,-4.785774691583539
2026-04-24,-2.3111600598709896
2026-04-25,0.0
2026-04-26,0.0
2026-04-27,-3.5362590115338124
2026-04-28,16.26074142755424
2026-04-29,-1.567610080141681
2026-04-30,2.299951041723339
2026-05-01,0.3324419188554164
