time,cid,rule,direction,bars,pnl_R,exit
2024-12-12 20:30:00,2,R0g_inside_break,1,60,-0.769446653257872,max
2024-12-12 21:25:00,1,R0g_inside_break,1,60,-2.8639415008391493,max
2024-12-12 21:50:00,1,R0h_3bar_reversal,1,60,-2.4097180351126233,max
2024-12-13 00:00:00,1,R0g_inside_break,1,19,-4.058370102599552,hard_sl
2024-12-14 20:55:00,0,R0h_3bar_reversal,1,60,10.798726114649702,max
2024-12-14 21:00:00,0,R0g_inside_break,1,60,7.11273902504711,max
2024-12-15 07:10:00,0,R3a_pullback,1,59,14.573179396092442,ml_exit
2024-12-16 02:25:00,1,R3b_higherlow,1,60,2.3788214443952493,max
2024-12-16 03:45:00,1,R3e_false_breakdown,1,60,0.9714932446771531,max
2024-12-16 12:50:00,1,R3e_false_breakdown,1,60,13.550813311446053,max
2024-12-16 19:05:00,1,R3b_higherlow,1,60,-2.0596272079633122,max
2024-12-16 21:10:00,1,R3e_false_breakdown,1,60,2.6649990619723503,max
2024-12-16 22:55:00,1,R3e_false_breakdown,1,59,7.265548194058615,ml_exit
2024-12-17 14:25:00,3,R1c_bouncefade,-1,60,6.932179529645595,max
2024-12-17 18:25:00,3,R1f_sma_reject,-1,60,3.8683051101453816,max
2024-12-18 01:05:00,3,R1e_false_breakout,-1,60,11.762154599510326,max
2024-12-18 02:45:00,3,R1g_three_red,-1,60,4.652402538531257,max
2024-12-18 17:40:00,3,R1e_false_breakout,-1,60,16.547402617686487,max
2024-12-19 00:15:00,4,R1b_lowerhigh,-1,60,-1.5259530173020353,max
2024-12-19 03:35:00,4,R1a_swinghigh,-1,60,-1.4050824383603118,max
2024-12-19 05:15:00,4,R1e_false_breakout,-1,60,-4.313541117821104,hard_sl
2024-12-19 21:35:00,4,R1e_false_breakout,-1,60,0.7568780199191303,max
2024-12-20 04:30:00,4,R1c_bouncefade,-1,59,10.446283478784277,ml_exit
2024-12-20 04:35:00,4,R1e_false_breakout,-1,59,8.998910194103301,ml_exit
2024-12-20 09:50:00,4,R3a_pullback,1,20,-4.907778346370321,hard_sl
2024-12-20 11:25:00,4,R3e_false_breakdown,1,59,10.092717306186392,ml_exit
2024-12-20 11:35:00,4,R3a_pullback,1,59,9.591517480867152,ml_exit
2024-12-20 12:15:00,4,R3e_false_breakdown,1,59,7.243101722323461,ml_exit
2024-12-21 18:05:00,3,R1e_false_breakout,-1,60,2.46369930761621,max
2024-12-23 01:40:00,2,R1a_swinghigh,-1,29,-4.242562729864402,hard_sl
2024-12-23 03:15:00,2,R1a_swinghigh,-1,60,0.1015698929949093,max
2024-12-24 18:30:00,1,R3d_oversold,1,28,-4.08217273533567,hard_sl
2024-12-24 20:05:00,1,R3a_pullback,1,60,2.777272884942209,max
2024-12-25 23:15:00,3,R1e_false_breakout,-1,60,3.8928199390408293,max
2024-12-25 23:25:00,3,R1d_overbought,-1,8,-4.3192624199938905,hard_sl
2024-12-26 00:10:00,3,R1d_overbought,-1,60,8.803158181323134,max
2024-12-26 00:45:00,3,R1f_sma_reject,-1,60,3.6649912946354735,max
2024-12-26 01:10:00,3,R1g_three_red,-1,60,1.370484697228373,max
2024-12-26 02:45:00,3,R1g_three_red,-1,60,3.3383834313804623,max
2024-12-27 09:15:00,3,R1c_bouncefade,-1,60,1.8500424088210263,max
2024-12-27 09:55:00,3,R1h_close_streak,-1,60,3.465941883095083,max
2024-12-30 17:20:00,0,R3i_inside_break,1,60,1.294893473114643,max
2024-12-31 01:30:00,0,R3a_pullback,1,60,3.3631637122855866,max
2024-12-31 04:00:00,0,R3i_inside_break,1,60,9.73802928373548,max
2025-01-01 15:55:00,0,R3i_inside_break,1,15,-4.336651877502476,hard_sl
2025-01-01 16:50:00,0,R3a_pullback,1,60,6.875297351588529,max
2025-01-03 17:25:00,1,R0c_doubletouch,-1,60,-1.208136098918446,max
2025-01-03 19:25:00,1,R0c_doubletouch,-1,60,3.5660020824495695,max
2025-01-05 20:10:00,0,R3i_inside_break,1,60,-0.37683424502909313,max
2025-01-05 20:15:00,0,R3g_three_green,1,59,-4.05004191655395,hard_sl
2025-01-05 21:00:00,0,R3i_inside_break,1,60,4.133082744958618,max
2025-01-05 21:50:00,0,R3i_inside_break,1,41,-4.597447718313721,hard_sl
2025-01-06 01:00:00,0,R3a_pullback,1,60,8.94670700488707,max
2025-01-06 03:00:00,0,R3b_higherlow,1,60,2.7588618355628376,max
2025-01-06 03:25:00,0,R3g_three_green,1,60,1.7916572919948328,max
2025-01-06 03:55:00,0,R3d_oversold,1,60,0.08310797440802185,max
2025-01-06 10:55:00,0,R3e_false_breakdown,1,59,34.02644650288631,ml_exit
2025-01-06 16:10:00,3,R1e_false_breakout,-1,59,-0.32067414190779375,ml_exit
2025-01-06 18:45:00,3,R1f_sma_reject,-1,59,-2.3354594518819463,ml_exit
2025-01-06 20:05:00,3,R1e_false_breakout,-1,60,0.8105330764290051,max
2025-01-06 22:00:00,3,R1g_three_red,-1,29,-4.762868269556349,hard_sl
2025-01-07 12:05:00,3,R1d_overbought,-1,60,18.95055973865599,max
2025-01-07 21:10:00,3,R1e_false_breakout,-1,60,-0.5622489959839366,max
2025-01-07 21:30:00,3,R1a_swinghigh,-1,60,-0.2923173016864334,max
2025-01-08 15:05:00,1,R1a_swinghigh,-1,60,5.057866750078202,max
2025-01-08 18:30:00,2,R1c_bouncefade,-1,60,-1.0347268303472388,max
2025-01-08 22:30:00,3,R1e_false_breakout,-1,60,3.056338028169006,max
2025-01-10 15:20:00,2,R0g_inside_break,1,60,2.6023790109837384,max
2025-01-12 13:30:00,3,R0e_nr4_break,-1,21,-5.279989205235368,hard_sl
2025-01-12 17:00:00,3,R1e_false_breakout,-1,60,7.188120176405876,max
2025-01-12 21:40:00,3,R1g_three_red,-1,33,-7.2115488397193195,hard_sl
2025-01-12 23:05:00,3,R1f_sma_reject,-1,16,-6.219978953112187,hard_sl
2025-01-12 23:45:00,3,R1e_false_breakout,-1,8,-4.8661305371662715,hard_sl
2025-01-13 00:00:00,4,R1a_swinghigh,-1,5,-5.009523809523907,hard_sl
2025-01-13 00:35:00,4,R1c_bouncefade,-1,60,7.409854276939258,max
2025-01-13 00:40:00,4,R1d_overbought,-1,60,5.990415432984396,max
2025-01-13 04:30:00,2,R1c_bouncefade,-1,60,12.764723806207217,ml_exit
2025-01-13 16:25:00,0,R3a_pullback,1,60,4.967408598094011,max
2025-01-13 17:00:00,0,R3e_false_breakdown,1,60,8.016726542279889,max
2025-01-13 18:30:00,0,R3i_inside_break,1,60,6.555546614090905,max
2025-01-13 20:30:00,0,R3f_sma_bounce,1,60,7.959466481898539,max
2025-01-13 20:40:00,0,R3g_three_green,1,60,5.889942431425704,max
2025-01-13 21:25:00,0,R3i_inside_break,1,60,3.9145225843339158,max
2025-01-14 16:30:00,0,R3a_pullback,1,60,1.5030000189275599,max
2025-01-14 18:25:00,0,R3i_inside_break,1,60,-0.34072044483839115,max
2025-01-15 11:10:00,0,R3a_pullback,1,60,26.02965837433351,ml_exit
2025-01-15 13:45:00,0,R3i_inside_break,1,60,1.0799407677412192,max
2025-01-15 20:30:00,2,R0c_doubletouch,-1,60,0.16941380276666737,max
2025-01-16 09:20:00,0,R0c_doubletouch,1,60,1.5030979734090542,max
2025-01-16 11:20:00,0,R0f_mean_revert,1,40,-4.668060950104686,hard_sl
2025-01-16 15:50:00,0,R3e_false_breakdown,1,60,4.262620110975815,max
2025-01-17 16:20:00,2,R0h_3bar_reversal,-1,60,-0.9065393518518614,max
2025-01-18 08:10:00,0,R0h_3bar_reversal,1,60,3.2321741067166636,max
2025-01-18 09:15:00,0,R0e_nr4_break,1,60,5.210230142125406,max
2025-01-18 10:20:00,0,R0h_3bar_reversal,1,60,6.349434082576127,max
2025-01-18 14:25:00,2,R0h_3bar_reversal,-1,60,0.3936911602885484,max
2025-01-18 15:55:00,2,R0h_3bar_reversal,-1,60,2.3881533311216288,max
2025-01-19 02:45:00,1,R0g_inside_break,-1,60,0.21334796741106565,max
2025-01-19 22:10:00,4,R3e_false_breakdown,1,12,-4.258543270677106,hard_sl
2025-01-19 22:40:00,4,R3b_higherlow,1,7,-4.106515354086178,hard_sl
2025-01-20 00:40:00,4,R3e_false_breakdown,1,60,2.1556863489652525,max
2025-01-23 17:15:00,1,R3i_inside_break,1,60,-1.890016199164457,max
2025-01-26 23:50:00,4,R1d_overbought,-1,60,6.315737620933571,max
2025-01-27 00:10:00,4,R1b_lowerhigh,-1,60,6.1292974588938725,max
2025-01-27 01:40:00,4,R1b_lowerhigh,-1,60,7.053206002728452,max
2025-01-27 03:20:00,4,R1a_swinghigh,-1,60,8.080828338891283,max
2025-01-27 03:30:00,4,R1c_bouncefade,-1,60,9.748803578859635,max
2025-01-27 09:05:00,4,R1e_false_breakout,-1,46,-4.413471528851248,hard_sl
2025-01-27 11:25:00,4,R1d_overbought,-1,18,-4.658227848101232,hard_sl
2025-01-28 02:55:00,1,R3c_breakpullback,1,60,1.8417557396748947,max
2025-01-29 13:10:00,0,R0c_doubletouch,1,60,0.9531810623961116,max
2025-01-29 14:05:00,0,R0c_doubletouch,1,60,0.045652173912985865,max
2025-01-29 20:40:00,1,R3c_breakpullback,1,60,0.07486132682493446,max
2025-01-29 21:45:00,1,R3b_higherlow,1,60,0.9708197667229869,max
2025-01-31 01:30:00,1,R0c_doubletouch,1,21,-4.219885760501362,hard_sl
2025-01-31 02:35:00,1,R0c_doubletouch,1,60,0.2002772002772611,max
2025-01-31 03:35:00,1,R0c_doubletouch,1,60,-0.17477344183465734,max
2025-01-31 15:40:00,3,R0f_mean_revert,-1,60,11.850483537976672,max
2025-01-31 18:25:00,3,R1g_three_red,-1,60,8.446614450886573,max
2025-01-31 18:55:00,3,R1h_close_streak,-1,60,0.5366318204445756,max
2025-02-01 17:15:00,3,R1e_false_breakout,-1,60,10.847561321021837,max
2025-02-02 18:25:00,4,R2d_continuation,1,60,-1.8662745026398118,max
2025-02-03 01:55:00,4,R2b_v_reversal,1,60,0.7647042480482358,max
2025-02-03 08:20:00,4,R2b_v_reversal,-1,60,2.0682209999179095,max
2025-02-03 20:25:00,3,R0c_doubletouch,-1,60,1.4122144628021025,max
2025-02-03 20:30:00,3,R0i_close_extreme,-1,60,1.7255056578480463,max
2025-02-04 14:40:00,3,R0a_bb,-1,60,-0.5904204403210491,max
2025-02-04 16:05:00,3,R1g_three_red,-1,60,2.4805924768825367,max
2025-02-04 18:05:00,3,R1g_three_red,-1,13,-4.2929215066053645,hard_sl
2025-02-05 19:40:00,1,R1a_swinghigh,-1,60,1.2629495984169448,max
2025-02-06 18:00:00,1,R3b_higherlow,1,60,-0.37651741293534813,max
2025-02-06 18:30:00,1,R3a_pullback,1,60,0.8285899094437555,max
2025-02-06 20:10:00,1,R3f_sma_bounce,1,60,1.7714935557240101,max
2025-02-06 21:25:00,1,R3b_higherlow,1,60,3.965102523659302,max
2025-02-07 16:50:00,3,R1f_sma_reject,-1,60,4.344402261841837,max
2025-02-07 18:50:00,3,R1f_sma_reject,-1,60,4.896874999999966,max
2025-02-07 19:35:00,3,R1g_three_red,-1,60,1.9029089122959697,max
2025-02-09 18:15:00,1,R0h_3bar_reversal,1,40,-4.580184804928048,hard_sl
2025-02-11 01:25:00,3,R0h_3bar_reversal,-1,60,-1.7542137432857796,max
2025-02-11 02:10:00,3,R0e_nr4_break,-1,57,-4.02303081291423,hard_sl
2025-02-11 05:10:00,3,R0h_3bar_reversal,-1,60,0.5553220929636351,max
2025-02-11 14:05:00,3,R0h_3bar_reversal,1,35,-4.159947653495177,hard_sl
2025-02-11 14:45:00,3,R0h_3bar_reversal,-1,55,7.994933170263063,ml_exit
2025-02-11 21:50:00,2,R1d_overbought,-1,60,2.2637637637637686,max
2025-02-12 15:25:00,2,R1b_lowerhigh,-1,24,-4.743403348128489,hard_sl
2025-02-13 05:25:00,1,R0c_doubletouch,1,14,-4.338161635305293,hard_sl
2025-02-13 06:25:00,1,R0c_doubletouch,1,4,-5.340446280043676,hard_sl
2025-02-14 17:25:00,1,R0c_doubletouch,-1,4,-4.281398554189794,hard_sl
2025-02-14 17:55:00,1,R0a_bb,-1,60,4.496788008565299,max
2025-02-14 18:15:00,1,R0c_doubletouch,-1,60,3.5264396284829593,max
2025-02-16 05:55:00,3,R0c_doubletouch,-1,60,9.700748998431209,max
2025-02-16 14:20:00,2,R0c_doubletouch,1,60,0.4579288025890454,max
2025-02-16 22:30:00,2,R1g_three_red,-1,60,3.5350957155879357,max
2025-02-17 00:10:00,2,R1d_overbought,-1,60,-0.17795679238376652,max
2025-02-17 00:20:00,2,R1a_swinghigh,-1,60,2.8510357432982065,max
2025-02-17 00:40:00,2,R1g_three_red,-1,60,1.504158415841538,max
2025-02-17 14:15:00,2,R1c_bouncefade,-1,60,13.271601365819938,max
2025-02-18 16:45:00,2,R0h_3bar_reversal,1,23,-4.601110748121529,hard_sl
2025-02-18 17:35:00,2,R0h_3bar_reversal,1,14,-4.150537634408602,hard_sl
2025-02-18 20:05:00,2,R0h_3bar_reversal,1,60,4.488484848484848,max
2025-02-18 21:25:00,2,R0h_3bar_reversal,-1,60,-1.4019718309858868,max
2025-02-19 22:40:00,0,R3i_inside_break,1,60,5.105952964233255,max
2025-02-20 20:25:00,3,R0h_3bar_reversal,-1,60,3.7314744303204455,max
2025-02-20 21:20:00,3,R0e_nr4_break,-1,60,-0.5596511265704547,max
2025-02-21 00:10:00,3,R0h_3bar_reversal,-1,59,2.7790074973223846,ml_exit
2025-02-21 00:15:00,3,R0e_nr4_break,-1,60,1.4508830827616437,max
2025-02-21 09:20:00,3,R0h_3bar_reversal,-1,44,-4.185431922039405,hard_sl
2025-02-23 16:05:00,2,R0g_inside_break,1,60,1.142152097509954,max
2025-02-23 17:30:00,2,R0h_3bar_reversal,1,60,5.071334214002674,max
2025-02-23 18:25:00,2,R0g_inside_break,1,60,0.11240875912414275,max
2025-02-24 00:15:00,3,R0e_nr4_break,-1,60,6.6519891454610915,max
2025-02-24 13:00:00,3,R0g_inside_break,-1,5,-4.216821199319731,hard_sl
2025-02-24 13:40:00,3,R0e_nr4_break,-1,60,8.765197254156048,max
2025-02-24 16:35:00,3,R1f_sma_reject,-1,60,0.9636856368563687,max
2025-02-24 17:15:00,3,R1e_false_breakout,-1,60,6.750929780738308,max
2025-02-24 17:45:00,3,R1d_overbought,-1,60,9.65681006274205,ml_exit
2025-02-24 18:10:00,3,R1f_sma_reject,-1,59,8.252621858716532,ml_exit
2025-02-25 13:00:00,4,R1b_lowerhigh,-1,59,7.364050926536049,ml_exit
2025-02-26 13:50:00,4,R3e_false_breakdown,1,3,-5.118903410902136,hard_sl
2025-02-26 14:45:00,4,R3h_close_streak,1,44,-4.360053684724254,hard_sl
2025-02-27 00:30:00,4,R1f_sma_reject,-1,11,-4.340271995559257,hard_sl
2025-02-27 00:45:00,4,R1a_swinghigh,-1,58,-4.012529365700861,hard_sl
2025-02-27 01:30:00,4,R1d_overbought,-1,60,-3.507487520798669,max
2025-03-01 06:20:00,1,R3b_higherlow,1,15,-4.563389830508546,hard_sl
2025-03-01 12:30:00,1,R3b_higherlow,1,60,2.6195519131499476,max
2025-03-02 03:00:00,0,R0c_doubletouch,1,60,0.7305259653794698,max
2025-03-02 09:05:00,0,R0c_doubletouch,1,60,-1.2843363388550826,max
2025-03-02 13:35:00,0,R0f_mean_revert,1,8,-4.404541069971072,hard_sl
2025-03-02 13:40:00,0,R0c_doubletouch,1,7,-4.801851721961151,hard_sl
2025-03-03 15:50:00,4,R1e_false_breakout,-1,60,6.734326950473063,max
2025-03-03 17:45:00,4,R1c_bouncefade,-1,60,12.46204724409448,max
2025-03-03 22:55:00,4,R1c_bouncefade,-1,60,7.075928188739578,max
2025-03-04 09:00:00,4,R1b_lowerhigh,-1,59,3.563704496788009,ml_exit
2025-03-04 16:35:00,0,R3e_false_breakdown,1,60,10.908850086877282,max
2025-03-04 17:00:00,0,R3f_sma_bounce,1,60,7.940112052193507,max
2025-03-04 17:10:00,0,R3i_inside_break,1,60,7.926736037375239,max
2025-03-05 00:05:00,0,R3e_false_breakdown,1,60,0.2635097730272803,max
2025-03-05 00:20:00,0,R3a_pullback,1,60,0.26384110103220565,max
2025-03-05 01:35:00,0,R3i_inside_break,1,60,-0.5188591061819361,max
2025-03-05 02:35:00,0,R3a_pullback,1,60,0.6318372298191871,max
2025-03-05 03:10:00,0,R3i_inside_break,1,60,0.0069364161849902765,max
2025-03-05 05:35:00,0,R3f_sma_bounce,1,59,23.031635916359146,ml_exit
2025-03-05 09:20:00,0,R3i_inside_break,1,60,4.780679143785764,max
2025-03-05 16:00:00,1,R3b_higherlow,1,60,3.9635377738697124,max
2025-03-05 16:10:00,1,R3e_false_breakdown,1,60,5.713292315034191,max
2025-03-06 14:00:00,4,R3e_false_breakdown,1,36,-4.110377543035978,hard_sl
2025-03-06 15:40:00,4,R1a_swinghigh,-1,59,3.9093705038345234,ml_exit
2025-03-06 19:50:00,4,R1a_swinghigh,-1,26,-4.3202837624802655,hard_sl
2025-03-06 23:40:00,4,R1d_overbought,-1,60,10.502408809360041,max
2025-03-07 00:10:00,4,R1e_false_breakout,-1,60,8.137826961770665,max
2025-03-07 05:25:00,4,R1a_swinghigh,-1,48,-5.071800281293992,hard_sl
2025-03-07 08:00:00,4,R1b_lowerhigh,-1,17,-6.302439896326664,hard_sl
2025-03-07 12:30:00,4,R1b_lowerhigh,-1,12,-4.701399029629287,hard_sl
2025-03-07 17:55:00,1,R1b_lowerhigh,-1,60,1.9967915998249963,max
2025-03-07 18:40:00,1,R1b_lowerhigh,-1,60,3.4612140426398392,max
2025-03-10 00:50:00,4,R1e_false_breakout,-1,60,-2.5643527069921324,max
2025-03-10 02:35:00,4,R1a_swinghigh,-1,59,1.2434772210928766,ml_exit
2025-03-10 10:55:00,4,R1b_lowerhigh,-1,12,-4.560312082948359,hard_sl
2025-03-10 11:05:00,4,R1f_sma_reject,-1,10,-5.347655334114901,hard_sl
2025-03-10 11:35:00,4,R1e_false_breakout,-1,4,-5.018759216708366,hard_sl
2025-03-10 20:45:00,4,R2b_v_reversal,1,44,-4.737797302094439,hard_sl
2025-03-11 02:00:00,4,R2b_v_reversal,-1,58,-2.7431841831425356,ml_exit
2025-03-11 16:50:00,2,R0d_squeeze,-1,23,-4.254121198049691,hard_sl
2025-03-12 08:25:00,0,R0h_3bar_reversal,1,60,2.7299622570738795,max
2025-03-12 14:50:00,2,R0h_3bar_reversal,1,60,2.5146476117843872,max
2025-03-12 19:55:00,3,R0c_doubletouch,-1,47,-4.157422410569579,hard_sl
2025-03-12 20:40:00,3,R0a_bb,-1,60,-3.0345850930258744,max
2025-03-12 21:20:00,3,R0i_close_extreme,-1,30,-5.282973757613626,hard_sl
2025-03-13 08:40:00,1,R0f_mean_revert,1,60,-1.5996058606803332,max
2025-03-13 15:40:00,0,R3e_false_breakdown,1,23,-4.143278435642655,hard_sl
2025-03-13 16:30:00,0,R3a_pullback,1,60,-1.898542874167161,max
2025-03-13 17:05:00,0,R3e_false_breakdown,1,60,1.0543560548709006,max
2025-03-13 17:25:00,0,R3a_pullback,1,60,2.75072704611553,max
2025-03-13 19:45:00,0,R3e_false_breakdown,1,60,6.058262980542801,max
2025-03-13 21:40:00,0,R3i_inside_break,1,60,7.910392948953457,max
2025-03-14 06:40:00,0,R3e_false_breakdown,1,60,13.662816642603909,max
2025-03-14 15:40:00,2,R1e_false_breakout,-1,60,2.4481843406925057,max
2025-03-16 13:35:00,1,R1b_lowerhigh,-1,30,-9.408796142334513,hard_sl
2025-03-16 14:50:00,1,R1e_false_breakout,-1,15,-8.83355829255957,hard_sl
2025-03-16 15:00:00,1,R1c_bouncefade,-1,13,-6.729884157795929,hard_sl
2025-03-17 04:05:00,2,R0f_mean_revert,-1,60,2.5759284012320336,max
2025-03-17 15:55:00,2,R1c_bouncefade,-1,34,-4.304475064016558,hard_sl
2025-03-17 17:25:00,2,R1a_swinghigh,-1,28,-4.125065941646768,hard_sl
2025-03-18 16:10:00,0,R3e_false_breakdown,1,60,1.6717987232444818,max
2025-03-18 17:15:00,0,R3e_false_breakdown,1,60,2.6612030213143143,max
2025-03-18 17:20:00,0,R3a_pullback,1,60,3.0907369417705826,max
2025-03-18 18:05:00,0,R3e_false_breakdown,1,60,4.752467403862064,max
2025-03-18 18:45:00,0,R3g_three_green,1,60,4.616264629511138,max
2025-03-18 23:20:00,0,R3c_breakpullback,1,60,1.6960627115624793,max
2025-03-18 23:25:00,0,R3i_inside_break,1,60,0.5579439805768097,max
2025-03-19 01:45:00,0,R3f_sma_bounce,1,60,1.6083142841954683,max
2025-03-19 05:20:00,0,R3i_inside_break,1,60,6.892728160078108,max
2025-03-21 14:25:00,1,R1a_swinghigh,-1,60,0.24929965165279197,max
2025-03-23 12:00:00,0,R3i_inside_break,1,60,5.167721518987301,max
2025-03-23 12:20:00,0,R3a_pullback,1,60,6.305750903713588,max
2025-03-23 13:25:00,0,R3h_close_streak,1,60,-1.5783111422564384,max
2025-03-23 14:30:00,0,R3i_inside_break,1,60,0.4672131147541302,max
2025-03-23 16:10:00,0,R3i_inside_break,1,26,-4.054090272278924,hard_sl
2025-03-23 18:30:00,0,R3a_pullback,1,60,8.350262697022803,max
2025-03-23 21:10:00,0,R3e_false_breakdown,1,60,12.326699643391306,max
2025-03-23 21:15:00,0,R3a_pullback,1,60,12.06344171292658,max
2025-03-24 03:25:00,2,R3g_three_green,1,60,8.066370936043597,max
2025-03-25 09:55:00,2,R0f_mean_revert,-1,43,-4.265971027363054,hard_sl
2025-03-27 13:40:00,3,R0a_bb,1,60,7.278357771261073,max
2025-03-27 13:55:00,3,R0c_doubletouch,1,60,4.068011609990363,max
2025-03-27 17:50:00,3,R1f_sma_reject,-1,44,-4.919867007179663,hard_sl
2025-03-27 18:50:00,3,R1e_false_breakout,-1,60,0.5344322741568873,max
2025-03-28 00:05:00,3,R1g_three_red,-1,18,-4.469489100244155,hard_sl
2025-03-28 05:55:00,3,R1d_overbought,-1,60,6.986670209468082,max
2025-03-30 16:55:00,2,R0a_bb,1,60,-0.3514005092761263,max
2025-03-31 00:45:00,1,R0a_bb,1,60,3.8093490746650125,max
2025-03-31 12:55:00,1,R0f_mean_revert,-1,23,-4.77371048252908,hard_sl
2025-03-31 13:35:00,1,R0c_doubletouch,1,60,4.695495860445073,max
2025-03-31 14:25:00,1,R0c_doubletouch,-1,60,-0.29008869750835053,max
2025-03-31 15:35:00,1,R0c_doubletouch,-1,60,2.6586497991774345,max
2025-03-31 22:20:00,0,R3a_pullback,1,60,7.120711259621672,max
2025-03-31 23:50:00,0,R3f_sma_bounce,1,60,4.060075634791948,max
2025-04-01 01:45:00,0,R3i_inside_break,1,60,5.569550397662731,max
2025-04-01 02:05:00,0,R3f_sma_bounce,1,60,5.519457122267653,max
2025-04-01 14:50:00,2,R3g_three_green,1,60,2.5371240918599103,max
2025-04-02 16:20:00,3,R1c_bouncefade,-1,59,9.510140739551623,ml_exit
2025-04-02 17:30:00,3,R1f_sma_reject,-1,32,-5.804124078492925,hard_sl
2025-04-02 18:25:00,3,R1g_three_red,-1,21,-8.213460591599567,hard_sl
2025-04-02 19:15:00,3,R1g_three_red,-1,8,-4.099533570114307,hard_sl
2025-04-03 01:15:00,1,R1e_false_breakout,-1,60,0.4130929791271438,max
2025-04-03 01:30:00,1,R1a_swinghigh,-1,60,1.0689466857805738,max
2025-04-04 08:25:00,1,R0f_mean_revert,-1,60,10.905805788662535,max
2025-04-04 08:50:00,1,R0c_doubletouch,-1,60,10.334809565987607,max
2025-04-04 13:05:00,1,R0c_doubletouch,-1,56,-4.6325061336122415,hard_sl
2025-04-04 14:05:00,1,R0c_doubletouch,-1,44,-4.042250294541182,hard_sl
2025-04-04 18:05:00,1,R0c_doubletouch,-1,60,0.8174850610548076,max
2025-04-05 13:50:00,2,R0c_doubletouch,1,60,2.3897405660378164,max
2025-04-06 01:25:00,3,R0c_doubletouch,-1,60,2.987627562539736,max
2025-04-07 01:00:00,4,R1a_swinghigh,-1,59,3.6661994861013905,ml_exit
2025-04-07 02:05:00,4,R1d_overbought,-1,59,14.564429201371835,ml_exit
2025-04-07 10:20:00,4,R1e_false_breakout,-1,46,-6.731256686692446,hard_sl
2025-04-07 12:00:00,4,R1b_lowerhigh,-1,22,-4.016509938020996,hard_sl
2025-04-07 12:30:00,4,R1d_overbought,-1,20,-7.751724456133167,hard_sl
2025-04-07 20:45:00,3,R0i_close_extreme,-1,25,-4.235650767987092,hard_sl
2025-04-08 12:20:00,3,R0c_doubletouch,-1,60,14.476479408585234,max
2025-04-08 15:15:00,3,R0i_close_extreme,1,22,-4.014192327541711,hard_sl
2025-04-08 18:30:00,4,R1a_swinghigh,-1,59,3.1004045470354598,ml_exit
2025-04-09 13:30:00,0,R1a_swinghigh,-1,42,-4.858687911696613,hard_sl
2025-04-09 18:10:00,2,R3c_breakpullback,1,60,0.864433476845523,max
2025-04-10 19:50:00,0,R3i_inside_break,1,60,-1.5950871236706445,max
2025-04-10 22:10:00,0,R3i_inside_break,1,32,-4.029010046280665,hard_sl
2025-04-14 00:25:00,1,R0a_bb,-1,60,0.2832688120010053,max
2025-04-14 02:35:00,1,R0a_bb,-1,60,2.3553809811569386,max
2025-04-15 18:30:00,1,R0c_doubletouch,1,51,-4.51007644197358,hard_sl
2025-04-15 19:50:00,1,R0c_doubletouch,1,39,-4.018747951491222,hard_sl
2025-04-16 14:45:00,2,R0f_mean_revert,-1,60,1.4073268258261562,max
2025-04-16 18:00:00,2,R0h_3bar_reversal,1,60,1.9148172250521722,max
2025-04-17 14:40:00,2,R0h_3bar_reversal,1,60,3.1069558713537933,max
2025-04-17 16:35:00,2,R0h_3bar_reversal,-1,60,-0.6233254531126872,max
2025-04-19 20:25:00,3,R1e_false_breakout,-1,60,-0.8969639015062029,max
2025-04-20 13:40:00,0,R1a_swinghigh,-1,60,-1.12907336610218,max
2025-04-20 16:20:00,0,R3h_close_streak,1,60,4.300616016427156,max
2025-04-20 20:00:00,0,R3i_inside_break,1,60,47.05457249070811,ml_exit
2025-04-20 20:15:00,0,R3h_close_streak,1,25,-5.202671118531021,hard_sl
2025-04-21 00:45:00,0,R3i_inside_break,1,60,2.4384212250245483,max
2025-04-21 01:25:00,0,R3c_breakpullback,1,60,1.126217428238408,max
2025-04-21 17:05:00,0,R3a_pullback,1,60,1.5221135510856958,max
2025-04-21 20:30:00,0,R3a_pullback,1,59,12.427713077664912,ml_exit
2025-04-22 13:40:00,0,R3i_inside_break,1,59,4.1052268871925595,ml_exit
2025-04-23 17:10:00,1,R0c_doubletouch,-1,60,2.447174291594137,max
2025-04-25 15:20:00,1,R3c_breakpullback,1,60,-1.7327049248401114,max
2025-04-28 01:00:00,1,R0h_3bar_reversal,1,10,-4.0117896522476,hard_sl
2025-04-28 04:05:00,1,R0h_3bar_reversal,-1,26,-4.02040700640545,hard_sl
2025-04-28 15:10:00,2,R0h_3bar_reversal,1,60,2.0286152273888582,max
2025-04-28 16:55:00,1,R3b_higherlow,1,60,4.768402154398593,max
2025-04-28 17:30:00,1,R3a_pullback,1,60,6.611574349811482,max
2025-04-28 17:35:00,1,R3f_sma_bounce,1,60,5.530513176144315,max
2025-04-30 14:00:00,2,R0h_3bar_reversal,1,60,2.5328299652084127,max
2025-04-30 15:00:00,2,R0h_3bar_reversal,1,60,1.1846367422489612,max
2025-04-30 16:25:00,0,R3e_false_breakdown,1,60,6.227548953409709,max
2025-04-30 16:40:00,0,R3h_close_streak,1,60,2.8892891918208967,max
2025-04-30 22:50:00,0,R3e_false_breakdown,1,60,4.943704434577695,max
2025-05-01 00:55:00,0,R3f_sma_bounce,1,60,8.672190319934169,max
2025-05-02 15:00:00,1,R0f_mean_revert,-1,60,3.4241954812497974,max
2025-05-02 15:05:00,1,R0c_doubletouch,-1,60,2.640002340686967,max
2025-05-04 05:55:00,3,R0c_doubletouch,-1,60,7.061317065540419,max
2025-05-06 14:15:00,0,R0e_nr4_break,1,60,3.153861774859478,max
2025-05-06 16:10:00,0,R3e_false_breakdown,1,60,-1.1887490095959903,max
2025-05-06 18:15:00,0,R3i_inside_break,1,60,12.439323419230176,max
2025-05-07 03:20:00,1,R3a_pullback,1,60,4.9098579316335185,max
2025-05-07 04:50:00,0,R3b_higherlow,1,60,4.999914581019922,max
2025-05-07 05:40:00,0,R3b_higherlow,1,60,9.86250000000008,max
2025-05-07 05:55:00,0,R3a_pullback,1,60,8.554017142319024,max
2025-05-07 16:10:00,0,R3a_pullback,1,23,-6.2841789157578924,hard_sl
2025-05-07 19:35:00,0,R3e_false_breakdown,1,60,3.453318513813875,max
2025-05-07 21:40:00,0,R3i_inside_break,1,60,9.693297846600553,max
2025-05-08 01:00:00,0,R3h_close_streak,1,60,4.34272955623788,max
2025-05-08 03:55:00,0,R3i_inside_break,1,60,3.4045602605863543,max
2025-05-08 15:35:00,0,R3i_inside_break,1,60,3.9863356107315187,ml_exit
2025-05-10 06:35:00,1,R0f_mean_revert,-1,60,2.2034383954154624,max
2025-05-10 16:10:00,1,R0c_doubletouch,1,60,0.16227018385286213,max
2025-05-11 00:05:00,1,R0c_doubletouch,-1,60,2.2209191759113036,max
2025-05-11 01:55:00,1,R0c_doubletouch,1,60,-1.3552622087570982,max
2025-05-11 14:30:00,1,R0c_doubletouch,1,60,2.424540133779322,max
2025-05-11 18:50:00,1,R1c_bouncefade,-1,60,4.256756756756788,max
2025-05-12 16:00:00,2,R3b_higherlow,1,30,-4.582263509351179,hard_sl
2025-05-15 09:25:00,1,R0c_doubletouch,1,60,0.6307197943443945,max
2025-05-15 12:35:00,1,R0a_bb,-1,48,-4.6680536979244875,hard_sl
2025-05-15 16:10:00,1,R0c_doubletouch,-1,14,-5.2309664188670055,hard_sl
2025-05-15 17:10:00,1,R0c_doubletouch,-1,60,-0.512607139885167,max
2025-05-15 18:40:00,1,R0a_bb,1,60,2.47150055390774,max
2025-05-16 16:05:00,1,R1b_lowerhigh,-1,60,3.1945545057400864,max
2025-05-18 08:05:00,2,R3c_breakpullback,1,60,-1.723812024153334,max
2025-05-18 18:10:00,2,R0h_3bar_reversal,1,60,4.99410618606914,max
2025-05-18 20:05:00,0,R0h_3bar_reversal,1,60,4.928384431904108,max
2025-05-19 00:10:00,2,R0h_3bar_reversal,-1,60,12.900760593987684,max
2025-05-19 01:45:00,2,R0h_3bar_reversal,1,23,-4.729557522123931,hard_sl
2025-05-19 12:20:00,0,R0h_3bar_reversal,1,60,21.555211202938704,max
2025-05-19 16:00:00,1,R0f_mean_revert,-1,13,-4.01846307385228,hard_sl
2025-05-20 17:40:00,0,R3i_inside_break,1,13,-4.331722419391391,hard_sl
2025-05-20 18:50:00,0,R3a_pullback,1,60,5.293035654781776,max
2025-05-20 19:15:00,0,R3h_close_streak,1,60,3.2877488222640037,max
2025-05-20 21:30:00,1,R3b_higherlow,1,60,1.2598581012597017,max
2025-05-21 07:25:00,0,R3a_pullback,1,60,-0.638005159071333,max
2025-05-21 09:00:00,0,R3e_false_breakdown,1,60,6.078193561110264,max
2025-05-21 14:40:00,0,R3i_inside_break,1,38,-4.649273087905165,hard_sl
2025-05-21 14:50:00,0,R3h_close_streak,1,31,-4.380909228213242,hard_sl
2025-05-21 14:55:00,0,R3g_three_green,1,30,-5.698539914299315,hard_sl
2025-05-23 12:50:00,1,R1g_three_red,-1,60,-1.9144878899034652,max
2025-05-23 13:35:00,1,R1b_lowerhigh,-1,60,0.4574059553250085,max
2025-05-24 11:15:00,2,R0c_doubletouch,-1,60,2.0909530720851524,max
2025-05-25 03:05:00,2,R1e_false_breakout,-1,60,3.9427207637230706,max
2025-05-25 16:25:00,0,R3a_pullback,1,60,3.2251038301799557,max
2025-05-27 15:05:00,2,R0h_3bar_reversal,1,60,1.1208195716235265,max
2025-05-27 18:10:00,3,R1f_sma_reject,-1,60,6.613515631803614,max
2025-05-28 20:10:00,1,R0c_doubletouch,1,60,5.84140562754222,max
2025-06-01 22:15:00,2,R0h_3bar_reversal,-1,60,6.890397050179063,max
2025-06-02 03:20:00,2,R0h_3bar_reversal,1,60,6.871212121212097,max
2025-06-02 08:30:00,2,R0h_3bar_reversal,-1,60,10.869742837688982,max
2025-06-02 08:35:00,2,R0g_inside_break,-1,60,7.2809748818699624,max
2025-06-02 16:30:00,1,R3d_oversold,1,60,3.19335347432016,max
2025-06-02 20:45:00,1,R3g_three_green,1,60,10.248714530565435,max
2025-06-02 23:00:00,1,R3h_close_streak,1,60,-1.4771198679596476,max
2025-06-03 04:35:00,1,R3a_pullback,1,60,0.28815533980582525,max
2025-06-03 15:40:00,2,R1e_false_breakout,-1,60,3.846749226006192,max
2025-06-03 20:15:00,3,R1g_three_red,-1,60,2.842267643655965,max
2025-06-04 15:25:00,2,R1a_swinghigh,-1,60,4.749755301794319,max
2025-06-05 12:55:00,2,R0h_3bar_reversal,-1,60,16.127727315291853,max
2025-06-05 13:30:00,2,R0g_inside_break,-1,60,14.012196184336435,max
2025-06-08 22:50:00,0,R3a_pullback,1,60,-0.4504381161007673,max
2025-06-08 23:15:00,0,R3e_false_breakdown,1,60,-0.05906250000004199,max
2025-06-09 01:15:00,0,R3f_sma_bounce,1,60,-1.652730623726886,max
2025-06-11 14:30:00,1,R3c_breakpullback,1,38,-4.063996407219343,hard_sl
2025-06-12 01:30:00,3,R1g_three_red,-1,60,2.7098812801877816,max
2025-06-12 16:30:00,3,R1c_bouncefade,-1,60,5.609969620749349,max
2025-06-12 21:30:00,3,R1f_sma_reject,-1,60,9.23167266527746,max
2025-06-13 03:20:00,2,R1a_swinghigh,-1,60,-3.506791500921716,max
2025-06-13 04:35:00,2,R1b_lowerhigh,-1,43,-4.897129918609624,hard_sl
2025-06-13 07:55:00,2,R1e_false_breakout,-1,60,0.17693120151515776,max
2025-06-13 17:20:00,1,R0c_doubletouch,1,60,1.8722246728422283,max
2025-06-15 23:05:00,0,R3i_inside_break,1,60,3.6536262548957823,max
2025-06-16 07:40:00,2,R3c_breakpullback,1,44,-4.214314928425274,hard_sl
2025-06-17 00:30:00,3,R1d_overbought,-1,60,-1.5206951749371096,max
2025-06-17 01:30:00,3,R1e_false_breakout,-1,60,1.2820582445183715,max
2025-06-17 02:25:00,3,R1g_three_red,-1,6,-4.414036527806341,hard_sl
2025-06-17 18:30:00,2,R0h_3bar_reversal,1,60,3.4127599121787453,max
2025-06-17 19:40:00,2,R0g_inside_break,-1,60,0.8818247361866568,max
2025-06-18 20:55:00,2,R0f_mean_revert,-1,60,1.0217802678935675,max
2025-06-20 15:00:00,3,R0h_3bar_reversal,1,28,-4.029026323559436,hard_sl
2025-06-20 15:55:00,1,R0c_doubletouch,1,16,-4.157098525989115,hard_sl
2025-06-20 17:10:00,1,R0f_mean_revert,1,4,-4.117864414448295,hard_sl
2025-06-20 17:25:00,1,R0a_bb,1,60,1.1592898832684557,max
2025-06-22 00:20:00,2,R1e_false_breakout,-1,60,-0.5275231816476239,max
2025-06-22 04:00:00,2,R1b_lowerhigh,-1,60,-2.469633461161123,max
2025-06-22 04:10:00,2,R1a_swinghigh,-1,60,0.40264389975208903,max
2025-06-22 20:45:00,2,R3h_close_streak,1,60,5.0373772568894255,max
2025-06-23 00:45:00,0,R3g_three_green,1,60,1.692792068595924,max
2025-06-23 03:45:00,0,R3d_oversold,1,60,5.824089380379749,max
2025-06-23 09:00:00,0,R3e_false_breakdown,1,20,-5.388646288209505,hard_sl
2025-06-23 10:10:00,0,R3e_false_breakdown,1,60,5.065025166643899,max
2025-06-23 10:30:00,0,R3a_pullback,1,60,3.289552238806062,max
2025-06-23 12:55:00,0,R3i_inside_break,1,5,-4.3760211289233055,hard_sl
2025-06-23 13:35:00,0,R3f_sma_bounce,1,32,-4.160088855979275,hard_sl
2025-06-23 14:50:00,0,R3a_pullback,1,19,-4.189306066362207,hard_sl
2025-06-24 15:50:00,0,R3d_oversold,1,60,4.252626249841813,max
2025-06-24 17:35:00,0,R3i_inside_break,1,60,-0.26453201970442053,max
2025-06-26 03:10:00,1,R0c_doubletouch,-1,60,-0.5880036750229735,max
2025-06-29 09:55:00,2,R0e_nr4_break,-1,5,-4.845219614647102,hard_sl
2025-06-29 23:50:00,1,R0c_doubletouch,-1,60,-0.23688316754445712,max
2025-06-30 00:25:00,1,R0a_bb,-1,60,2.572884594967633,max
2025-06-30 00:50:00,1,R0c_doubletouch,-1,60,3.7384744341994707,max
2025-06-30 07:35:00,1,R0c_doubletouch,1,60,-0.2871127633208712,max
2025-06-30 15:50:00,2,R1c_bouncefade,-1,60,-0.2845005230954799,max
2025-07-01 17:15:00,0,R3g_three_green,1,21,-4.088563236699616,hard_sl
2025-07-01 17:20:00,0,R3h_close_streak,1,20,-4.836010709504739,hard_sl
2025-07-04 19:30:00,1,R0f_mean_revert,1,60,6.696025047645028,max
2025-07-06 14:15:00,2,R3d_oversold,1,60,-1.8987364220793008,max
2025-07-06 14:20:00,2,R3c_breakpullback,1,60,-2.3072997751254083,max
2025-07-06 14:25:00,2,R3g_three_green,1,60,-2.6903363133247344,max
2025-07-06 20:10:00,2,R0h_3bar_reversal,-1,15,-5.809765273574615,hard_sl
2025-07-09 03:55:00,0,R0e_nr4_break,1,60,5.0993031358882295,max
2025-07-09 12:40:00,2,R0e_nr4_break,-1,60,3.209258725122586,max
2025-07-09 15:55:00,0,R3h_close_streak,1,60,10.420613431577204,max
2025-07-09 17:40:00,0,R3i_inside_break,1,59,18.011573641964258,ml_exit
2025-07-09 18:00:00,0,R3g_three_green,1,60,18.89261659677253,max
2025-07-10 01:00:00,0,R3a_pullback,1,60,2.262614678899111,ml_exit
2025-07-10 14:35:00,0,R3i_inside_break,1,60,7.926221058204058,max
2025-07-10 15:50:00,0,R3i_inside_break,1,60,13.682101513802493,max
2025-07-13 14:10:00,0,R3i_inside_break,1,59,2.8597394728870436,ml_exit
2025-07-14 02:35:00,1,R3c_breakpullback,1,60,17.046193228096318,ml_exit
2025-07-15 17:40:00,0,R3i_inside_break,1,11,-4.661211311511897,hard_sl
2025-07-15 19:50:00,0,R3a_pullback,1,60,6.387321221492023,max
2025-07-15 21:55:00,0,R3i_inside_break,1,60,-1.1810250817884236,max
2025-07-15 22:50:00,0,R3i_inside_break,1,46,-4.036279428791975,hard_sl
2025-07-18 00:00:00,2,R0h_3bar_reversal,1,60,4.515733819507778,max
2025-07-18 09:05:00,2,R0h_3bar_reversal,1,60,2.3850376092702423,max
2025-07-18 15:45:00,2,R0h_3bar_reversal,1,60,-0.9227921362795017,max
2025-07-18 15:50:00,2,R0g_inside_break,1,60,-1.5190615835777126,max
2025-07-19 22:45:00,1,R0c_doubletouch,-1,60,-1.3891688551352466,max
2025-07-21 02:15:00,2,R0h_3bar_reversal,-1,12,-4.027466753632616,hard_sl
2025-07-21 03:35:00,2,R0h_3bar_reversal,-1,35,-4.434077242826613,hard_sl
2025-07-21 07:15:00,2,R0g_inside_break,1,28,-4.34927678457133,hard_sl
2025-07-22 18:55:00,1,R0f_mean_revert,-1,60,-0.8369655335780886,max
2025-07-23 04:15:00,1,R0c_doubletouch,1,31,-4.1626394052043825,hard_sl
2025-07-24 07:05:00,3,R0i_close_extreme,1,60,4.9238659347010145,max
2025-07-24 08:15:00,3,R0f_mean_revert,-1,60,-0.3734175019943464,max
2025-07-24 15:20:00,3,R0c_doubletouch,-1,60,0.5979035639412659,max
2025-07-24 16:40:00,3,R1h_close_streak,-1,11,-4.13571613571611,hard_sl
2025-07-25 18:05:00,0,R3i_inside_break,1,60,5.2144659377628075,max
2025-07-27 16:20:00,1,R0a_bb,-1,60,2.4370150175655776,max
2025-07-27 16:50:00,1,R0c_doubletouch,-1,60,-0.48556287791293606,max
2025-07-28 02:35:00,1,R0f_mean_revert,-1,60,5.357902197023403,max
2025-07-29 15:45:00,2,R0h_3bar_reversal,1,60,-1.766030347528161,max
2025-07-29 16:40:00,2,R0h_3bar_reversal,1,60,-0.8538579458354169,max
2025-07-30 19:05:00,2,R0h_3bar_reversal,1,60,5.642435139994917,max
2025-07-30 19:25:00,2,R0g_inside_break,1,60,5.2316710212427555,max
2025-07-31 00:50:00,3,R0h_3bar_reversal,-1,60,-0.18050288781277907,max
2025-07-31 13:55:00,3,R0h_3bar_reversal,-1,60,4.389629729912664,max
2025-07-31 14:45:00,3,R0e_nr4_break,1,54,-4.251030110935024,hard_sl
2025-07-31 15:40:00,3,R1e_false_breakout,-1,59,8.637635740835163,ml_exit
2025-07-31 17:25:00,3,R1g_three_red,-1,59,8.967252543940651,ml_exit
2025-07-31 18:05:00,3,R1g_three_red,-1,59,7.09135643988013,ml_exit
2025-07-31 19:40:00,3,R1g_three_red,-1,60,8.030842134854018,ml_exit
2025-08-01 16:30:00,3,R1g_three_red,-1,60,6.278417243248437,max
2025-08-02 20:10:00,0,R0h_3bar_reversal,1,60,2.7526041666666474,max
2025-08-02 21:30:00,0,R0d_squeeze,1,60,4.731044065105241,max
2025-08-02 23:35:00,0,R0d_squeeze,1,60,4.564764913584898,max
2025-08-04 14:10:00,2,R0h_3bar_reversal,-1,60,1.334872979214787,max
2025-08-04 15:50:00,3,R1e_false_breakout,-1,16,-4.22718300254817,hard_sl
2025-08-04 16:55:00,3,R1c_bouncefade,-1,60,0.9841018118383527,max
2025-08-04 17:15:00,3,R1e_false_breakout,-1,60,1.5669212886084625,max
2025-08-05 15:50:00,0,R3a_pullback,1,60,3.0109023009275675,max
2025-08-05 17:00:00,0,R3i_inside_break,1,60,0.7085756079721771,max
2025-08-05 18:45:00,0,R3a_pullback,1,60,4.401818897293625,max
2025-08-06 13:10:00,0,R3a_pullback,1,59,13.008303061753923,ml_exit
2025-08-07 04:55:00,1,R3e_false_breakdown,1,60,10.590879336679043,max
2025-08-07 15:05:00,1,R3d_oversold,1,59,4.506511189470418,ml_exit
2025-08-08 06:10:00,1,R0c_doubletouch,1,60,3.0052811432120183,max
2025-08-10 03:05:00,0,R3g_three_green,1,60,-0.9682105263158465,max
2025-08-10 04:25:00,0,R3c_breakpullback,1,25,-4.165476350896079,hard_sl
2025-08-10 05:15:00,0,R3e_false_breakdown,1,60,-0.09212142481137017,max
2025-08-11 14:00:00,1,R3i_inside_break,1,60,-2.1151247184450073,max
2025-08-11 15:10:00,1,R3b_higherlow,1,56,-5.195255808280974,hard_sl
2025-08-11 20:20:00,1,R0c_doubletouch,1,60,1.4562489314412292,max
2025-08-11 22:25:00,1,R0c_doubletouch,1,60,1.7217073097573292,max
2025-08-13 01:50:00,0,R0e_nr4_break,1,60,-0.7699467490043103,max
2025-08-13 14:25:00,2,R0h_3bar_reversal,1,60,1.6455479452054922,max
2025-08-13 18:05:00,3,R1c_bouncefade,-1,15,-5.303472222222374,hard_sl
2025-08-14 01:35:00,3,R1d_overbought,-1,60,7.472912423625215,max
2025-08-14 07:40:00,3,R1d_overbought,-1,59,16.8031443663438,ml_exit
2025-08-15 16:10:00,1,R0c_doubletouch,1,60,0.16930965103950912,max
2025-08-15 19:05:00,1,R0c_doubletouch,1,60,2.0675919764236608,max
2025-08-15 19:55:00,1,R0c_doubletouch,1,60,5.4347785460662275,ml_exit
2025-08-17 05:20:00,3,R0c_doubletouch,-1,60,-0.7250774485661796,max
2025-08-17 17:45:00,3,R1f_sma_reject,-1,60,-0.8690791409237375,max
2025-08-17 18:20:00,3,R1g_three_red,-1,60,2.9393372233844675,max
2025-08-17 19:10:00,3,R1d_overbought,-1,60,1.556917688266218,max
2025-08-18 00:00:00,3,R1g_three_red,-1,60,20.810531496063653,max
2025-08-18 17:20:00,3,R1d_overbought,-1,60,-3.4576447625243847,max
2025-08-18 17:35:00,3,R1e_false_breakout,-1,60,-0.6268498140699786,max
2025-08-19 16:00:00,2,R0g_inside_break,1,32,-4.036589126040578,hard_sl
2025-08-19 18:50:00,2,R0h_3bar_reversal,1,60,-1.8233581365254177,max
2025-08-21 20:20:00,0,R3f_sma_bounce,1,60,1.0536349409588812,max
2025-08-21 21:05:00,0,R3d_oversold,1,60,2.7207298927089174,max
2025-08-22 00:30:00,0,R3c_breakpullback,1,60,2.511112449557329,max
2025-08-22 14:50:00,0,R3i_inside_break,1,60,0.845524417348538,max
2025-08-22 15:20:00,3,R1c_bouncefade,-1,60,-0.3213553764175644,max
2025-08-23 15:10:00,1,R0f_mean_revert,1,60,3.5851315953597322,max
2025-08-24 18:35:00,3,R1e_false_breakout,-1,60,8.398055105348403,max
2025-08-24 19:30:00,3,R1f_sma_reject,-1,60,4.401852328273695,max
2025-08-24 20:10:00,3,R1g_three_red,-1,60,-1.00468018720749,max
2025-08-24 23:30:00,3,R1e_false_breakout,-1,60,5.374077354591112,max
2025-08-25 02:05:00,3,R1d_overbought,-1,59,6.306478374691237,ml_exit
2025-08-25 15:25:00,1,R1a_swinghigh,-1,60,8.022559474979543,max
2025-08-26 13:35:00,2,R1d_overbought,-1,60,-1.9109718425672622,max
2025-08-26 13:45:00,2,R1g_three_red,-1,59,-4.451895166379199,hard_sl
2025-08-26 14:00:00,2,R1b_lowerhigh,-1,60,-1.669331571412867,max
2025-08-28 16:55:00,3,R1h_close_streak,-1,60,1.5298060322941256,max
2025-08-28 17:55:00,3,R1g_three_red,-1,60,0.28590749256146514,max
2025-08-28 18:45:00,3,R1h_close_streak,-1,60,-1.3886685860176577,max
2025-08-28 19:10:00,3,R1f_sma_reject,-1,60,-0.105736657966391,max
2025-08-28 19:40:00,3,R1g_three_red,-1,60,-1.2656595604498582,max
2025-08-29 15:30:00,1,R0c_doubletouch,1,60,-1.9032621473354376,max
2025-09-01 02:35:00,1,R0a_bb,1,60,5.516993561910483,max
2025-09-04 15:20:00,2,R0h_3bar_reversal,1,60,4.782127410013827,max
2025-09-04 23:05:00,2,R0h_3bar_reversal,-1,60,1.6636982273376282,max
2025-09-04 23:10:00,2,R0g_inside_break,-1,60,1.2695914798919032,max
2025-09-05 07:25:00,2,R0h_3bar_reversal,-1,60,0.5590741447284454,max
2025-09-05 14:40:00,2,R0h_3bar_reversal,1,60,1.100824499411076,max
2025-09-07 08:55:00,2,R0c_doubletouch,-1,60,-1.4117806731812501,max
2025-09-08 01:30:00,1,R3b_higherlow,1,60,1.479959325480875,max
2025-09-08 03:20:00,1,R3b_higherlow,1,60,1.9903401931961606,max
2025-09-09 02:15:00,1,R0c_doubletouch,1,60,14.9982552053041,max
2025-09-09 07:10:00,1,R0f_mean_revert,-1,60,1.5140985474223962,max
2025-09-09 07:20:00,1,R0c_doubletouch,-1,60,2.1338443396225864,max
2025-09-09 17:20:00,1,R3b_higherlow,1,60,2.9932177844762125,max
2025-09-09 17:40:00,1,R3g_three_green,1,60,3.677526841910365,max
2025-09-09 18:10:00,1,R3b_higherlow,1,60,3.0338193848792576,max
2025-09-09 18:20:00,1,R3g_three_green,1,60,1.6763369874629963,max
2025-09-09 18:50:00,1,R3d_oversold,1,60,3.5415688116486197,max
2025-09-11 15:20:00,1,R0c_doubletouch,-1,60,0.9721097095243814,max
2025-09-11 22:40:00,1,R0a_bb,-1,16,-4.298571609151837,hard_sl
2025-09-11 22:50:00,1,R0c_doubletouch,-1,18,-4.8829576194771525,hard_sl
2025-09-12 00:15:00,1,R0c_doubletouch,-1,3,-4.166998011928691,hard_sl
2025-09-12 17:25:00,2,R0h_3bar_reversal,-1,13,-4.641937925813879,hard_sl
2025-09-14 13:25:00,2,R0a_bb,1,4,-4.42260029405586,hard_sl
2025-09-14 17:35:00,2,R0g_inside_break,1,17,-4.009929078014202,hard_sl
2025-09-14 23:50:00,2,R0h_3bar_reversal,1,16,-4.071854872067725,hard_sl
2025-09-15 01:40:00,2,R0h_3bar_reversal,-1,32,-6.092231244697673,hard_sl
2025-09-15 12:15:00,1,R0h_3bar_reversal,1,17,-4.181006493506345,hard_sl
2025-09-15 13:00:00,1,R0h_3bar_reversal,1,60,2.1621900826445777,ml_exit
2025-09-15 15:15:00,1,R0e_nr4_break,1,60,5.522179054775179,max
2025-09-16 17:30:00,2,R0h_3bar_reversal,-1,60,0.15101602363265784,max
2025-09-17 10:30:00,1,R0h_3bar_reversal,1,19,-4.255552782630529,hard_sl
2025-09-17 11:20:00,1,R0h_3bar_reversal,1,28,-5.341143718825902,hard_sl
2025-09-17 16:20:00,1,R3b_higherlow,1,28,-6.972984148862896,hard_sl
2025-09-19 15:20:00,1,R0e_nr4_break,1,60,-2.0431291019526507,max
2025-09-20 08:00:00,2,R0h_3bar_reversal,-1,60,0.6808292807781338,max
2025-09-22 00:05:00,2,R1b_lowerhigh,-1,60,8.949012021555811,max
2025-09-22 00:25:00,2,R1f_sma_reject,-1,60,6.39640258135394,max
2025-09-22 01:15:00,2,R1b_lowerhigh,-1,60,5.981387833268548,max
2025-09-25 02:50:00,3,R1f_sma_reject,-1,60,4.917530547540181,max
2025-09-25 04:35:00,3,R1g_three_red,-1,60,-0.6480913715844834,max
2025-09-25 13:25:00,3,R1e_false_breakout,-1,60,7.525168157291769,ml_exit
2025-09-25 14:20:00,3,R1e_false_breakout,-1,60,6.566249525976478,max
2025-09-25 14:25:00,3,R1c_bouncefade,-1,60,6.24911314660881,max
2025-09-25 16:15:00,3,R1f_sma_reject,-1,60,9.026717557252061,max
2025-09-25 18:25:00,3,R1d_overbought,-1,60,-0.025410035636016765,max
2025-09-27 09:30:00,1,R0c_doubletouch,1,60,2.389520624303324,max
2025-09-28 15:00:00,0,R3d_oversold,1,60,5.087156361113431,max
2025-09-28 15:25:00,0,R3i_inside_break,1,59,8.065338645418233,ml_exit
2025-09-28 19:40:00,0,R3i_inside_break,1,60,24.635791184237554,max
2025-09-30 10:05:00,1,R0c_doubletouch,1,60,2.7984413744243835,max
2025-09-30 13:05:00,0,R0i_close_extreme,1,60,3.217267417010843,max
2025-09-30 13:10:00,0,R0c_doubletouch,1,60,4.2025369389461575,max
2025-09-30 15:25:00,0,R3e_false_breakdown,1,60,6.415588859235024,max
2025-09-30 16:35:00,0,R3e_false_breakdown,1,60,9.73671330285809,max
2025-09-30 16:55:00,0,R3a_pullback,1,60,9.886963476406137,max
2025-09-30 21:55:00,0,R3e_false_breakdown,1,60,0.602144688786991,max
2025-09-30 22:40:00,0,R3a_pullback,1,60,2.8149841533745983,max
2025-09-30 23:20:00,0,R3e_false_breakdown,1,60,3.889897548956044,max
2025-10-01 00:50:00,0,R3i_inside_break,1,60,3.000336965068015,max
2025-10-05 20:00:00,0,R3e_false_breakdown,1,60,4.457061419639639,max
2025-10-07 20:10:00,1,R0f_mean_revert,-1,60,1.6011397856425644,max
2025-10-07 22:40:00,1,R0c_doubletouch,1,60,-3.598976252412553,max
2025-10-07 23:50:00,1,R0f_mean_revert,1,60,1.9582856289511872,max
2025-10-09 02:55:00,2,R0h_3bar_reversal,1,60,1.5576648220764036,max
2025-10-09 11:25:00,2,R0h_3bar_reversal,-1,14,-4.57521252796414,hard_sl
2025-10-09 13:00:00,2,R0h_3bar_reversal,-1,60,12.593150169364208,max
2025-10-09 14:50:00,2,R0h_3bar_reversal,1,60,-0.5173376102646547,max
2025-10-09 15:45:00,2,R0h_3bar_reversal,1,14,-4.036920435031451,hard_sl
2025-10-10 16:25:00,4,R1b_lowerhigh,-1,60,17.918314528323858,ml_exit
2025-10-10 18:25:00,4,R1b_lowerhigh,-1,60,14.303614457831324,max
2025-10-11 10:30:00,4,R1e_false_breakout,-1,60,-0.06580284552846755,max
2025-10-12 01:05:00,0,R0c_doubletouch,1,60,6.486318407960159,max
2025-10-13 02:30:00,1,R3i_inside_break,1,60,0.25100227717377604,max
2025-10-13 19:40:00,3,R1e_false_breakout,-1,60,2.777700297280437,max
2025-10-15 15:20:00,2,R0h_3bar_reversal,1,60,1.6038963713497383,max
2025-10-15 17:15:00,2,R0d_squeeze,1,60,3.2785980567704365,max
2025-10-16 17:00:00,3,R1d_overbought,-1,60,0.3166336096802256,max
2025-10-17 01:10:00,2,R1d_overbought,-1,60,3.806712066223648,max
2025-10-17 03:50:00,3,R1e_false_breakout,-1,60,32.163939737567226,max
2025-10-17 11:25:00,2,R1a_swinghigh,-1,59,-2.1482318801457803,ml_exit
2025-10-17 15:50:00,2,R3g_three_green,1,60,1.7384998250184693,max
2025-10-17 17:10:00,2,R3g_three_green,1,60,1.7043207126948614,max
2025-10-19 09:10:00,0,R3a_pullback,1,60,7.4377766535980845,max
2025-10-19 09:40:00,0,R3f_sma_bounce,1,60,6.210554895638883,max
2025-10-21 06:00:00,3,R0h_3bar_reversal,1,60,3.2497162315550865,max
2025-10-21 15:30:00,3,R1a_swinghigh,-1,60,4.140384391981739,max
2025-10-21 15:35:00,3,R1c_bouncefade,-1,60,3.5580798827409525,max
2025-10-21 17:55:00,3,R1g_three_red,-1,60,6.872608601541863,max
2025-10-21 18:50:00,3,R1d_overbought,-1,60,11.182068632189718,max
2025-10-21 20:05:00,3,R1g_three_red,-1,60,16.50693889413668,max
2025-10-21 21:55:00,3,R1f_sma_reject,-1,60,9.021372719374567,max
2025-10-22 12:10:00,1,R1b_lowerhigh,-1,21,-4.157492069416014,hard_sl
2025-10-22 12:25:00,1,R1a_swinghigh,-1,30,-4.027451349064652,hard_sl
2025-10-22 14:15:00,1,R1f_sma_reject,-1,60,-0.16369359916054022,max
2025-10-23 17:00:00,1,R0c_doubletouch,-1,9,-4.807819992622697,hard_sl
2025-10-23 18:10:00,1,R0c_doubletouch,-1,60,2.407600027737358,max
2025-10-26 10:15:00,0,R3a_pullback,1,60,4.72438546878408,max
2025-10-26 12:45:00,1,R3c_breakpullback,1,60,-0.6621166971066342,max
2025-10-26 22:40:00,1,R3i_inside_break,1,60,1.002080372407257,max
2025-10-27 21:30:00,2,R0h_3bar_reversal,1,60,-2.4206989975616997,max
2025-10-28 14:45:00,2,R0h_3bar_reversal,1,60,-3.1555237152068147,max
2025-10-28 17:10:00,3,R1e_false_breakout,-1,60,12.487821426148212,max
2025-10-28 21:05:00,3,R1g_three_red,-1,60,-0.1263582434363971,max
2025-10-28 22:30:00,3,R1e_false_breakout,-1,60,3.525121241513094,max
2025-10-28 22:35:00,3,R1d_overbought,-1,60,3.570382882882842,max
2025-10-29 07:25:00,3,R1e_false_breakout,-1,60,3.645717584241244,max
2025-10-29 09:20:00,3,R1d_overbought,-1,49,-4.190476190476324,hard_sl
2025-10-29 12:00:00,3,R1e_false_breakout,-1,59,17.036291022747275,ml_exit
2025-10-29 15:35:00,3,R1h_close_streak,-1,60,2.253236245954719,max
2025-10-29 15:40:00,3,R1g_three_red,-1,60,1.9093477884781906,max
2025-10-29 18:35:00,3,R1d_overbought,-1,6,-4.050727014321634,hard_sl
2025-10-29 20:10:00,3,R1f_sma_reject,-1,60,0.21882908363992143,max
2025-10-29 21:05:00,3,R1e_false_breakout,-1,60,4.9683165797175155,max
2025-10-30 00:50:00,3,R1a_swinghigh,-1,60,0.41519644983229215,max
2025-10-30 01:10:00,3,R1e_false_breakout,-1,60,1.6544605554189604,max
2025-10-30 01:45:00,3,R1a_swinghigh,-1,60,-1.5407885174418547,max
2025-10-30 02:30:00,3,R1e_false_breakout,-1,60,-1.4589955499046523,ml_exit
2025-10-30 02:35:00,3,R1a_swinghigh,-1,59,-1.7855325685210868,ml_exit
2025-10-31 02:50:00,1,R3b_higherlow,1,60,2.0198663314734606,max
2025-10-31 17:00:00,1,R0a_bb,1,60,1.6294037622555173,max
2025-11-02 05:05:00,2,R0f_mean_revert,-1,60,-1.5008183306055052,max
2025-11-02 08:05:00,3,R0c_doubletouch,-1,60,1.680758360810089,max
2025-11-02 11:40:00,3,R0f_mean_revert,-1,60,7.068799383310731,max
2025-11-02 17:15:00,2,R1b_lowerhigh,-1,60,1.4979123173277966,max
2025-11-02 23:15:00,3,R1c_bouncefade,-1,59,13.989630033917077,ml_exit
2025-11-03 02:40:00,3,R1g_three_red,-1,60,5.846789897840071,max
2025-11-03 12:15:00,3,R1e_false_breakout,-1,60,5.468132019568681,max
2025-11-04 20:45:00,3,R1f_sma_reject,-1,59,2.752644438267171,ml_exit
2025-11-06 18:40:00,4,R1b_lowerhigh,-1,60,1.5021803593232292,max
2025-11-06 18:50:00,4,R1e_false_breakout,-1,60,1.9980952802817007,max
2025-11-07 03:15:00,4,R1c_bouncefade,-1,60,2.118427416568779,max
2025-11-07 05:10:00,4,R1c_bouncefade,-1,60,7.404590637990226,max
2025-11-07 06:40:00,4,R1g_three_red,-1,59,16.603817504654987,ml_exit
2025-11-07 17:20:00,2,R3g_three_green,1,60,5.207413059192024,max
2025-11-09 04:10:00,0,R3g_three_green,1,60,1.6561278863232607,max
2025-11-09 05:10:00,0,R3f_sma_bounce,1,60,-1.3444385995674732,max
2025-11-09 14:25:00,0,R3i_inside_break,1,59,2.5312629796479205,ml_exit
2025-11-10 18:10:00,1,R0c_doubletouch,-1,60,-2.0555598307041367,max
2025-11-10 23:15:00,3,R0i_close_extreme,-1,24,-7.285340535066221,hard_sl
2025-11-11 16:10:00,1,R0c_doubletouch,1,60,-1.9946829460417403,max
2025-11-11 17:05:00,1,R0c_doubletouch,1,53,-4.04681780430036,hard_sl
2025-11-11 17:55:00,1,R0c_doubletouch,1,44,-4.112376933895943,hard_sl
2025-11-12 20:25:00,3,R1e_false_breakout,-1,60,-1.2305640590428208,max
2025-11-12 21:35:00,3,R1a_swinghigh,-1,60,-2.4751200858087947,max
2025-11-13 22:30:00,4,R1e_false_breakout,-1,13,-4.233778717677594,hard_sl
2025-11-13 22:40:00,4,R1a_swinghigh,-1,60,3.7317133647408607,max
2025-11-14 01:25:00,4,R1b_lowerhigh,-1,60,5.432816796256172,max
2025-11-14 02:05:00,4,R1b_lowerhigh,-1,60,7.371675915649251,max
2025-11-16 23:50:00,3,R1e_false_breakout,-1,60,-1.5272685833360289,max
2025-11-17 02:35:00,3,R1f_sma_reject,-1,60,-3.0463777704266746,max
2025-11-17 06:05:00,3,R1f_sma_reject,-1,19,-4.000000000000064,hard_sl
2025-11-18 14:40:00,2,R1c_bouncefade,-1,14,-4.06111818497511,hard_sl
2025-11-19 03:40:00,2,R0a_bb,1,17,-4.3096961905406,hard_sl
2025-11-19 18:45:00,1,R0c_doubletouch,1,59,6.792104361150812,ml_exit
2025-11-19 23:10:00,3,R0a_bb,-1,60,-3.34863654191521,max
2025-11-20 02:05:00,3,R0i_close_extreme,-1,60,2.015418949076946,max
2025-11-20 05:05:00,3,R0a_bb,-1,60,6.294446805496516,max
2025-11-21 05:25:00,4,R1c_bouncefade,-1,60,14.740092823991386,max
2025-11-21 11:05:00,4,R1e_false_breakout,-1,45,-4.735306722174568,hard_sl
2025-11-21 12:55:00,4,R1c_bouncefade,-1,59,-2.7037774307749296,ml_exit
2025-11-23 23:55:00,2,R0h_3bar_reversal,1,60,-0.4051932895696453,max
2025-11-24 02:25:00,2,R0g_inside_break,-1,60,2.585962741458671,max
2025-11-25 14:10:00,1,R3a_pullback,1,60,-0.354092102123607,max
2025-11-26 01:25:00,0,R0c_doubletouch,1,60,0.12461398728428502,max
2025-11-26 04:20:00,0,R0c_doubletouch,1,60,0.3905523526129812,max
2025-11-26 09:35:00,0,R0a_bb,1,32,-4.193968687611505,hard_sl
2025-11-26 10:00:00,0,R0c_doubletouch,1,27,-4.061958234830439,hard_sl
2025-11-26 10:35:00,0,R0i_close_extreme,1,60,1.834266517357207,max
2025-11-26 10:50:00,0,R0c_doubletouch,1,60,-0.3678664294512449,max
2025-11-26 15:05:00,0,R3i_inside_break,1,60,8.398911485287979,max
2025-11-26 17:30:00,0,R3g_three_green,1,59,4.98314372194961,ml_exit
2025-11-26 17:35:00,0,R3h_close_streak,1,59,4.380057803468193,ml_exit
2025-11-26 17:55:00,0,R3i_inside_break,1,59,1.3670313255129352,ml_exit
2025-11-28 14:30:00,2,R1d_overbought,-1,60,5.3677075887905605,max
2025-11-28 15:35:00,2,R1b_lowerhigh,-1,60,4.973059891645821,max
2025-11-28 20:20:00,1,R1a_swinghigh,-1,60,1.0362227805695654,max
2025-12-01 00:00:00,3,R1h_close_streak,-1,60,18.626197013326333,max
2025-12-01 00:15:00,3,R1g_three_red,-1,60,9.986395521859311,max
2025-12-01 00:55:00,3,R1g_three_red,-1,60,2.1579784744969888,max
2025-12-01 02:05:00,3,R1f_sma_reject,-1,60,4.012745435756133,max
2025-12-01 18:50:00,0,R3d_oversold,1,60,5.301801540867676,max
2025-12-01 19:30:00,0,R3e_false_breakdown,1,59,6.532280458174192,ml_exit
2025-12-01 22:05:00,0,R3h_close_streak,1,60,-1.2359114560366953,max
2025-12-02 08:55:00,0,R3a_pullback,1,60,7.604403980520744,max
2025-12-02 15:10:00,0,R3h_close_streak,1,60,2.031279164283343,max
2025-12-02 15:40:00,0,R3i_inside_break,1,60,0.9222674912800137,max
2025-12-02 17:50:00,0,R3b_higherlow,1,60,0.9975178858227308,max
2025-12-03 17:40:00,1,R0c_doubletouch,-1,60,-3.194151269440434,max
2025-12-04 02:20:00,1,R0a_bb,-1,60,3.468790617537708,max
2025-12-04 02:25:00,1,R0c_doubletouch,-1,60,3.3136009339697585,max
2025-12-04 18:50:00,3,R1f_sma_reject,-1,60,-0.31517541697482176,max
2025-12-05 17:45:00,2,R0g_inside_break,1,60,0.3889439310916391,max
2025-12-07 16:40:00,0,R3g_three_green,1,60,4.199059332184372,max
2025-12-07 17:10:00,0,R3c_breakpullback,1,60,-1.9751751259678496,max
2025-12-07 17:20:00,0,R3g_three_green,1,57,-4.7018854128583865,hard_sl
2025-12-07 18:00:00,0,R3i_inside_break,1,46,-4.062637899053027,hard_sl
2025-12-07 18:45:00,1,R3d_oversold,1,36,-4.450912599501577,hard_sl
2025-12-08 00:20:00,1,R3b_higherlow,1,60,4.955070842654706,max
2025-12-08 18:00:00,1,R1a_swinghigh,-1,46,-4.374596029547541,hard_sl
2025-12-09 20:05:00,1,R3b_higherlow,1,19,-4.478725509598316,hard_sl
2025-12-09 21:15:00,1,R3b_higherlow,1,60,-2.1174263379435003,max
2025-12-09 21:55:00,1,R3e_false_breakdown,1,60,-0.6492004452529216,max
2025-12-10 19:00:00,3,R1e_false_breakout,-1,13,-4.038658777120369,hard_sl
2025-12-10 19:25:00,3,R1f_sma_reject,-1,60,1.3844591449567574,max
2025-12-10 20:50:00,3,R1f_sma_reject,-1,60,3.251952344145644,max
2025-12-10 20:55:00,3,R1g_three_red,-1,60,3.2763412582932023,max
2025-12-10 22:10:00,3,R1f_sma_reject,-1,60,8.176216462028249,max
2025-12-11 19:45:00,2,R3c_breakpullback,1,60,2.6800244579276904,max
2025-12-11 22:10:00,2,R3c_breakpullback,1,60,-1.428281421036903,max
2025-12-12 18:30:00,1,R1b_lowerhigh,-1,60,0.7923809523809618,max
2025-12-15 02:35:00,3,R0c_doubletouch,-1,60,-0.09867740706469298,max
2025-12-15 19:05:00,2,R1c_bouncefade,-1,60,-0.640485964454367,max
2025-12-17 17:45:00,2,R3b_higherlow,1,60,-0.9316286558842894,max
2025-12-17 21:40:00,2,R3i_inside_break,1,60,4.265022873536531,max
2025-12-18 13:45:00,2,R3g_three_green,1,39,-4.208074344290656,hard_sl
2025-12-18 14:15:00,2,R3c_breakpullback,1,34,-4.343216584962489,hard_sl
2025-12-18 15:45:00,1,R0c_doubletouch,-1,60,8.434401758472468,max
2025-12-18 19:05:00,1,R0c_doubletouch,1,60,-1.166850437111136,max
2025-12-19 01:30:00,0,R0c_doubletouch,1,60,10.154651631091482,max
2025-12-19 03:55:00,1,R0c_doubletouch,-1,60,-2.781059451219516,max
2025-12-19 19:50:00,1,R0c_doubletouch,-1,60,-0.7612418452936188,max
2025-12-21 10:05:00,1,R0c_doubletouch,-1,60,5.19752981260652,max
2025-12-21 15:05:00,1,R3b_higherlow,1,60,2.1160094637224134,max
2025-12-22 03:05:00,1,R3b_higherlow,1,60,2.1726092302155853,max
2025-12-28 23:00:00,2,R0g_inside_break,-1,20,-4.428509027373353,hard_sl
2025-12-29 00:00:00,2,R0h_3bar_reversal,-1,20,-4.08789142823566,hard_sl
2025-12-29 08:30:00,3,R0e_nr4_break,-1,60,17.411637931034434,max
2025-12-29 09:25:00,3,R0e_nr4_break,-1,60,12.446572531392142,max
2025-12-29 10:00:00,3,R0h_3bar_reversal,1,26,-4.312893255326217,hard_sl
2025-12-29 10:40:00,2,R0h_3bar_reversal,1,18,-4.20451444871633,hard_sl
2025-12-29 14:25:00,1,R0f_mean_revert,1,60,0.07265469061883617,max
2025-12-29 21:00:00,1,R0c_doubletouch,1,60,-0.6155827430779561,max
2026-01-01 14:05:00,1,R0c_doubletouch,1,60,1.1814447934283692,max
2026-01-01 15:10:00,1,R0c_doubletouch,1,60,7.147400085947986,max
2026-01-02 15:45:00,2,R0h_3bar_reversal,-1,60,-0.04210963024427777,max
2026-01-02 16:40:00,2,R0g_inside_break,-1,60,0.5639646561659576,max
2026-01-02 17:45:00,1,R0g_inside_break,-1,60,-0.13062126906919286,max
2026-01-04 00:40:00,1,R3d_oversold,1,60,1.1129111438389747,max
2026-01-05 00:45:00,0,R3g_three_green,1,60,0.9341958509926025,max
2026-01-05 01:25:00,1,R3i_inside_break,1,60,-2.4803804994054666,max
2026-01-06 19:25:00,2,R1a_swinghigh,-1,22,-7.058093311946483,hard_sl
2026-01-06 20:20:00,2,R1c_bouncefade,-1,11,-6.850623283329813,hard_sl
2026-01-06 21:20:00,2,R1d_overbought,-1,60,3.6521569501727655,max
2026-01-06 23:35:00,3,R1b_lowerhigh,-1,60,6.41348570344721,max
2026-01-09 18:35:00,1,R0h_3bar_reversal,1,60,-0.10534447241932879,max
2026-01-12 10:30:00,1,R0c_doubletouch,1,60,4.6560127053452325,max
2026-01-12 21:55:00,0,R3a_pullback,1,60,0.8756507103996422,max
2026-01-12 22:10:00,0,R3h_close_streak,1,60,-1.4004939045901657,max
2026-01-13 00:55:00,0,R3i_inside_break,1,60,3.0639898348157746,max
2026-01-13 06:15:00,0,R3i_inside_break,1,60,1.0250526808709741,max
2026-01-13 14:30:00,0,R3h_close_streak,1,59,5.77596489253973,ml_exit
2026-01-15 17:40:00,1,R1a_swinghigh,-1,60,5.676808209716182,max
2026-01-15 17:45:00,1,R1c_bouncefade,-1,60,5.259822316302713,max
2026-01-18 17:50:00,3,R1f_sma_reject,-1,14,-4.10256025227115,hard_sl
2026-01-18 17:55:00,3,R1e_false_breakout,-1,60,-2.4255319148936545,max
2026-01-18 18:45:00,3,R1e_false_breakout,-1,60,14.623947614593048,max
2026-01-18 23:00:00,3,R1f_sma_reject,-1,60,22.33587053418365,max
2026-01-19 00:45:00,3,R1d_overbought,-1,60,0.5436319309189299,max
2026-01-21 02:05:00,1,R1a_swinghigh,-1,60,-2.1706123906445245,max
2026-01-21 20:10:00,1,R3b_higherlow,1,60,0.3062948432474517,max
2026-01-23 18:30:00,1,R0c_doubletouch,-1,60,4.185151896458764,max
2026-01-23 19:20:00,1,R0a_bb,1,60,-1.5968872424912648,max
2026-01-25 16:20:00,2,R0f_mean_revert,1,36,-4.577685262281399,hard_sl
2026-01-25 20:05:00,2,R0c_doubletouch,1,59,1.4909827015089956,ml_exit
2026-01-27 17:20:00,1,R3d_oversold,1,60,5.320208281676103,max
2026-01-27 20:40:00,1,R3c_breakpullback,1,60,1.7619618659311072,max
2026-01-27 20:55:00,1,R3g_three_green,1,60,-0.4626021707087829,max
2026-01-28 13:40:00,3,R1e_false_breakout,-1,60,4.705153379587195,max
2026-01-29 17:00:00,3,R1a_swinghigh,-1,60,1.5078107226814514,max
2026-01-29 19:45:00,3,R1g_three_red,-1,60,-1.1695721077654555,max
2026-01-29 20:50:00,3,R1a_swinghigh,-1,60,6.013415815756167,max
2026-01-30 03:50:00,3,R1a_swinghigh,-1,60,-0.008451433006547788,max
2026-01-30 05:25:00,3,R1e_false_breakout,-1,60,2.451757258240529,max
2026-01-30 06:55:00,3,R1d_overbought,-1,60,-2.139231582657729,max
2026-01-30 07:10:00,3,R1a_swinghigh,-1,60,0.056907333712348136,max
2026-01-30 11:15:00,4,R1e_false_breakout,-1,60,-0.6464869642068487,max
2026-01-31 21:00:00,4,R1b_lowerhigh,-1,28,-4.485457226508255,hard_sl
2026-01-31 21:35:00,4,R1e_false_breakout,-1,60,-1.952654551932985,max
2026-01-31 21:40:00,4,R1a_swinghigh,-1,60,-1.869742322303104,max
2026-02-02 00:25:00,4,R2b_v_reversal,-1,60,7.108918971665842,max
2026-02-03 20:45:00,4,R1e_false_breakout,-1,60,-0.2736349149565785,ml_exit
2026-02-04 01:35:00,4,R1a_swinghigh,-1,60,-0.34072201698103427,max
2026-02-04 03:15:00,4,R1b_lowerhigh,-1,60,0.14199206514930157,max
2026-02-04 03:25:00,4,R1g_three_red,-1,60,1.2543232649296894,max
2026-02-04 03:40:00,4,R1e_false_breakout,-1,60,1.5211736818502144,max
2026-02-04 07:45:00,4,R1f_sma_reject,-1,60,2.172569220862876,max
2026-02-04 08:50:00,4,R1a_swinghigh,-1,59,7.662355733813483,ml_exit
2026-02-04 10:40:00,4,R1b_lowerhigh,-1,59,14.27382717230162,ml_exit
2026-02-04 18:05:00,4,R1b_lowerhigh,-1,60,-0.2855016858504972,max
2026-02-04 18:40:00,4,R1e_false_breakout,-1,60,1.0672935714624057,max
2026-02-04 20:00:00,4,R1e_false_breakout,-1,59,2.503734696583556,ml_exit
2026-02-04 23:30:00,4,R1a_swinghigh,-1,60,6.30082377169758,max
2026-02-05 02:00:00,4,R1g_three_red,-1,60,1.239965962274852,max
2026-02-05 08:25:00,4,R1a_swinghigh,-1,60,6.07341755970767,max
2026-02-06 13:05:00,4,R1c_bouncefade,-1,8,-4.270702418160935,hard_sl
2026-02-07 09:40:00,1,R3b_higherlow,1,60,2.8156179493607447,max
2026-02-07 12:45:00,1,R3b_higherlow,1,60,0.04149135468813029,max
2026-02-07 13:00:00,1,R3c_breakpullback,1,60,0.09531336661118718,max
2026-02-08 01:05:00,1,R3g_three_green,1,60,-0.8944278103978133,max
2026-02-08 20:45:00,4,R1g_three_red,-1,28,-6.0642380874939015,hard_sl
2026-02-08 23:50:00,4,R1b_lowerhigh,-1,60,-0.9203249943800571,max
2026-02-09 01:25:00,2,R1b_lowerhigh,-1,60,1.162003025064831,max
2026-02-09 02:40:00,2,R1e_false_breakout,-1,60,1.7445692038593845,max
2026-02-09 03:30:00,2,R1e_false_breakout,-1,60,7.3491405770409255,max
2026-02-09 03:45:00,2,R1c_bouncefade,-1,60,6.328857839391494,max
2026-02-09 03:55:00,2,R1a_swinghigh,-1,60,7.253122277083801,max
2026-02-10 17:45:00,3,R1c_bouncefade,-1,60,4.9917410176029655,max
2026-02-10 18:20:00,3,R1g_three_red,-1,60,3.188777530691161,max
2026-02-11 14:40:00,1,R3b_higherlow,1,60,1.3336736777618934,max
2026-02-11 18:10:00,1,R3b_higherlow,1,60,3.8097042017868064,max
2026-02-12 16:15:00,1,R0a_bb,1,60,-2.085992428339668,max
2026-02-12 18:10:00,0,R0c_doubletouch,1,60,2.106039377627013,max
2026-02-13 00:00:00,0,R0i_close_extreme,1,60,-0.23609504316094884,max
2026-02-13 15:10:00,0,R3h_close_streak,1,60,1.2045900032668917,max
2026-02-14 16:25:00,1,R0a_bb,1,60,4.042540168324448,max
2026-02-15 15:30:00,1,R0c_doubletouch,1,27,-5.320265077685545,hard_sl
2026-02-15 17:50:00,2,R0f_mean_revert,1,60,2.492757673140544,max
2026-02-15 19:10:00,2,R0c_doubletouch,1,60,3.871601208459327,max
2026-02-16 13:05:00,2,R0f_mean_revert,-1,60,5.9470094849886594,max
2026-02-17 20:10:00,1,R0a_bb,1,60,-0.11871941424780966,max
2026-02-19 18:05:00,1,R3i_inside_break,1,60,1.8418538527153707,max
2026-02-19 19:15:00,1,R3b_higherlow,1,60,0.708434816049193,max
2026-02-20 13:05:00,1,R0c_doubletouch,1,6,-4.177717252532083,hard_sl
2026-02-23 02:35:00,3,R1d_overbought,-1,60,-3.860523608094174,max
2026-02-23 02:45:00,3,R1f_sma_reject,-1,60,-3.7373883659183917,max
2026-02-23 04:20:00,3,R1f_sma_reject,-1,26,-4.176910504680316,hard_sl
2026-02-24 14:35:00,0,R3d_oversold,1,60,5.615011037527587,max
2026-02-24 14:45:00,0,R3g_three_green,1,60,4.022229402261709,max
2026-02-24 15:55:00,0,R3i_inside_break,1,60,2.2356440173873104,max
2026-02-24 22:55:00,0,R3f_sma_bounce,1,60,12.74480690984368,max
2026-02-24 23:10:00,0,R3d_oversold,1,60,12.350341450843947,max
2026-02-25 01:15:00,0,R3h_close_streak,1,60,-3.284996878308366,max
2026-02-25 02:05:00,0,R3c_breakpullback,1,60,-2.8996730839084788,max
2026-02-25 09:00:00,0,R3i_inside_break,1,60,5.60267280588482,max
2026-02-25 10:25:00,0,R3e_false_breakdown,1,60,17.536385755364115,max
2026-02-25 11:20:00,0,R3e_false_breakdown,1,59,24.28413028413046,ml_exit
2026-02-25 14:25:00,0,R3i_inside_break,1,60,14.99653210030218,max
2026-02-26 19:05:00,1,R1c_bouncefade,-1,60,0.2038116524208415,max
2026-02-27 11:40:00,3,R1g_three_red,-1,60,1.5579218347765265,max
2026-02-28 13:50:00,0,R3g_three_green,1,60,5.400807462063217,max
2026-03-01 17:20:00,0,R0c_doubletouch,1,60,0.3667872980273819,max
2026-03-01 19:45:00,0,R0f_mean_revert,1,8,-4.262470982718575,hard_sl
2026-03-01 19:55:00,0,R0c_doubletouch,1,6,-4.533705902899044,hard_sl
2026-03-01 20:15:00,0,R0a_bb,1,60,7.183777429466984,max
2026-03-01 20:40:00,0,R0f_mean_revert,1,60,6.693977996525762,max
2026-03-01 20:50:00,0,R0c_doubletouch,1,60,6.714175852345516,max
2026-03-02 06:55:00,0,R0c_doubletouch,1,4,-4.082916815423031,hard_sl
2026-03-02 09:20:00,2,R0f_mean_revert,-1,60,5.3211853487943195,max
2026-03-03 09:05:00,0,R3e_false_breakdown,1,60,0.22479705324890553,max
2026-03-03 12:10:00,0,R3h_close_streak,1,18,-4.127028934368394,hard_sl
2026-03-03 13:05:00,0,R3a_pullback,1,20,-4.294883720930315,hard_sl
2026-03-03 16:20:00,0,R3i_inside_break,1,60,-2.1027176927343656,max
2026-03-05 12:55:00,3,R1g_three_red,-1,60,13.007339294752633,max
2026-03-05 14:35:00,3,R1f_sma_reject,-1,59,4.810051353066699,ml_exit
2026-03-05 16:05:00,3,R1g_three_red,-1,60,-1.2953647143370404,max
2026-03-05 21:20:00,3,R1e_false_breakout,-1,60,1.8310780535889926,max
2026-03-05 22:45:00,3,R1f_sma_reject,-1,60,1.1468786390562675,max
2026-03-06 01:10:00,3,R1g_three_red,-1,12,-4.3897819606010025,hard_sl
2026-03-08 10:25:00,1,R1c_bouncefade,-1,60,8.804987531172095,max
2026-03-08 23:45:00,1,R3b_higherlow,1,60,7.005568814638043,max
2026-03-09 00:25:00,1,R3b_higherlow,1,60,5.764956975404861,max
2026-03-09 01:05:00,1,R3b_higherlow,1,60,6.124122367101396,max
2026-03-09 02:40:00,0,R3g_three_green,1,60,4.568902556217515,max
2026-03-09 04:00:00,0,R3i_inside_break,1,60,2.190117619589615,max
2026-03-09 07:05:00,0,R3a_pullback,1,60,4.376575927545987,max
2026-03-09 11:20:00,0,R3a_pullback,1,60,8.713739439750984,max
2026-03-10 15:05:00,2,R1c_bouncefade,-1,60,2.8157997653500138,max
2026-03-11 13:40:00,1,R0f_mean_revert,-1,60,-0.22884581002732765,max
2026-03-11 13:50:00,1,R0c_doubletouch,-1,43,-4.085231178114786,hard_sl
2026-03-11 14:45:00,1,R0c_doubletouch,-1,60,0.3638201868529037,max
2026-03-12 01:35:00,1,R0c_doubletouch,1,15,-4.634379570255364,hard_sl
2026-03-12 03:05:00,1,R0c_doubletouch,1,60,2.765522661776285,max
2026-03-12 04:35:00,1,R0c_doubletouch,1,60,3.535394394683677,max
2026-03-12 13:30:00,0,R3e_false_breakdown,1,13,-4.645440762399856,hard_sl
2026-03-12 14:30:00,0,R3e_false_breakdown,1,60,1.7878186108450167,max
2026-03-12 14:50:00,0,R3a_pullback,1,60,3.0895855621191783,max
2026-03-12 15:25:00,0,R3g_three_green,1,60,0.06641034603285623,max
2026-03-12 15:35:00,0,R3i_inside_break,1,60,-1.1346540192762478,max
2026-03-12 18:40:00,0,R3e_false_breakdown,1,60,4.022822177202586,max
2026-03-12 18:50:00,0,R3a_pullback,1,60,3.6754465388097803,max
2026-03-13 13:20:00,2,R1c_bouncefade,-1,60,10.111489665466216,max
2026-03-13 13:45:00,2,R1a_swinghigh,-1,60,8.19059198616625,max
2026-03-13 14:25:00,2,R1a_swinghigh,-1,60,10.202684270827561,max
2026-03-14 23:45:00,2,R0e_nr4_break,-1,36,-4.809534688904059,hard_sl
2026-03-15 16:15:00,0,R3e_false_breakdown,1,60,3.262124213971935,max
2026-03-15 21:30:00,0,R3g_three_green,1,60,3.765801077903024,max
2026-03-15 22:20:00,0,R3d_oversold,1,60,5.391103408434395,max
2026-03-15 23:00:00,0,R3i_inside_break,1,59,2.590356722853805,ml_exit
2026-03-16 02:00:00,0,R3i_inside_break,1,60,6.627460190708809,max
2026-03-16 03:30:00,0,R3g_three_green,1,60,-2.724828398521564,max
2026-03-16 04:45:00,0,R3d_oversold,1,47,-4.503502218071403,hard_sl
2026-03-17 01:35:00,1,R0g_inside_break,-1,60,5.248944040716726,max
2026-03-18 00:20:00,3,R1g_three_red,-1,26,-4.297537619699026,hard_sl
2026-03-18 13:25:00,3,R1a_swinghigh,-1,60,4.332573503844144,max
2026-03-18 13:40:00,3,R1f_sma_reject,-1,60,3.7731771817150563,max
2026-03-18 17:45:00,3,R1e_false_breakout,-1,59,4.220121028744246,ml_exit
2026-03-22 04:15:00,1,R1b_lowerhigh,-1,60,5.655247548722975,max
2026-03-22 19:50:00,0,R3a_pullback,1,17,-7.076642335766333,hard_sl
2026-03-23 13:25:00,1,R0c_doubletouch,-1,60,-0.30631780472240516,max
2026-03-23 14:20:00,1,R0c_doubletouch,-1,60,1.5199530516432027,max
2026-03-23 16:00:00,1,R0f_mean_revert,1,60,2.285142992449165,max
2026-03-24 16:15:00,1,R3f_sma_bounce,1,12,-4.166459627329193,hard_sl
2026-03-24 17:20:00,0,R3a_pullback,1,60,6.6199130927641106,max
2026-03-24 20:05:00,0,R3a_pullback,1,60,13.272964509394646,ml_exit
2026-03-25 13:30:00,3,R1e_false_breakout,-1,60,4.392617449664501,max
2026-03-27 17:45:00,1,R0a_bb,1,59,1.9912472647702302,ml_exit
2026-03-28 23:20:00,1,R0a_bb,1,60,3.48748020876091,max
2026-03-30 00:15:00,2,R3b_higherlow,1,60,2.9719142849283964,max
2026-03-30 01:25:00,1,R3i_inside_break,1,60,2.9195787043716517,max
2026-03-30 02:40:00,1,R3f_sma_bounce,1,60,1.7884253889532806,max
2026-04-01 16:35:00,3,R1e_false_breakout,-1,60,2.8122523117569087,max
2026-04-01 17:10:00,3,R1f_sma_reject,-1,60,2.9081321121287256,max
2026-04-02 14:45:00,1,R0f_mean_revert,-1,60,-0.777412731006109,max
2026-04-05 02:15:00,0,R0e_nr4_break,1,46,-7.38349306250882,hard_sl
2026-04-05 13:30:00,0,R3e_false_breakdown,1,60,7.097811447811395,max
2026-04-05 15:25:00,0,R3i_inside_break,1,60,-0.23975745657155023,max
2026-04-05 16:00:00,0,R3d_oversold,1,60,1.7298187808896188,max
2026-04-05 16:20:00,0,R3i_inside_break,1,60,0.7990273208410608,max
2026-04-05 16:40:00,0,R3a_pullback,1,60,1.9891330792311868,max
2026-04-05 17:35:00,0,R3i_inside_break,1,60,3.786145502916397,max
2026-04-05 19:55:00,0,R3i_inside_break,1,57,32.06313812932732,ml_exit
2026-04-05 21:35:00,0,R3a_pullback,1,60,20.29776064309727,max
2026-04-05 21:50:00,0,R3h_close_streak,1,60,19.985981308410974,ml_exit
2026-04-05 23:30:00,0,R3i_inside_break,1,60,-0.05566763149433714,max
2026-04-07 14:15:00,0,R3e_false_breakdown,1,60,5.181745665225256,max
2026-04-07 21:05:00,0,R3g_three_green,1,60,9.65561843168956,max
2026-04-07 21:10:00,0,R3h_close_streak,1,60,9.882720051872209,max
2026-04-07 21:35:00,0,R3i_inside_break,1,60,7.220659308951909,max
2026-04-07 22:50:00,0,R3i_inside_break,1,60,0.5682900381877236,max
2026-04-07 23:25:00,0,R3h_close_streak,1,60,-2.8279119892231703,max
2026-04-08 00:55:00,0,R3a_pullback,1,60,0.1232483761416334,max
2026-04-08 16:55:00,1,R1a_swinghigh,-1,60,0.39632266382644576,max
2026-04-09 13:55:00,1,R3a_pullback,1,60,7.6963500664554,max
2026-04-09 14:15:00,1,R3e_false_breakdown,1,59,9.025806159009443,ml_exit
2026-04-09 15:50:00,1,R3g_three_green,1,59,0.39043403912893,ml_exit
2026-04-10 14:45:00,1,R0c_doubletouch,-1,60,-1.2590235592839185,max
2026-04-11 22:30:00,3,R1f_sma_reject,-1,60,18.520694046482163,max
2026-04-11 23:00:00,3,R1d_overbought,-1,60,13.664007384453269,max
2026-04-12 02:20:00,3,R1d_overbought,-1,60,0.47920049968769346,max
2026-04-12 02:55:00,3,R1g_three_red,-1,60,0.5022628157656366,max
2026-04-12 03:05:00,3,R1f_sma_reject,-1,60,0.5038425492033896,max
2026-04-12 14:00:00,1,R0c_doubletouch,1,60,2.0050917161694364,max
2026-04-12 22:50:00,0,R0c_doubletouch,1,60,0.6916118695550599,max
2026-04-13 04:10:00,0,R0c_doubletouch,1,54,-4.9118596208148055,hard_sl
2026-04-13 05:15:00,0,R0c_doubletouch,1,60,-0.7842946219797394,max
2026-04-13 14:40:00,0,R3i_inside_break,1,59,4.6156804816187975,ml_exit
2026-04-13 14:55:00,0,R3h_close_streak,1,60,4.140851236826504,max
2026-04-13 15:35:00,0,R3a_pullback,1,60,6.4737308436977825,max
2026-04-13 16:20:00,0,R3h_close_streak,1,60,5.58992384299939,max
2026-04-13 17:25:00,0,R3i_inside_break,1,59,10.513004634074907,ml_exit
2026-04-13 19:45:00,0,R3i_inside_break,1,60,6.018774578206153,max
2026-04-14 14:30:00,1,R0f_mean_revert,-1,60,5.4267449896337165,max
2026-04-14 14:35:00,1,R0c_doubletouch,-1,60,4.032863308024264,max
2026-04-14 17:00:00,1,R0a_bb,1,60,-2.4565041080432892,max
2026-04-15 20:00:00,1,R0c_doubletouch,-1,60,1.0702859473422535,max
2026-04-16 17:15:00,0,R3a_pullback,1,60,3.7611382005210516,max
2026-04-16 18:15:00,0,R3i_inside_break,1,60,3.066825775656294,max
2026-04-17 01:50:00,0,R3e_false_breakdown,1,60,3.6508712931824574,max
2026-04-18 16:25:00,1,R0c_doubletouch,1,26,-4.099508668887983,hard_sl
2026-04-19 22:05:00,1,R0f_mean_revert,1,60,1.2737621431934367,max
2026-04-21 14:40:00,0,R3h_close_streak,1,30,-4.184294871794871,hard_sl
2026-04-21 15:15:00,0,R3g_three_green,1,53,-4.50119331742245,hard_sl
2026-04-21 19:45:00,0,R3e_false_breakdown,1,60,5.903730682153691,max
2026-04-21 21:20:00,0,R3i_inside_break,1,59,10.9673151750973,ml_exit
2026-04-21 21:30:00,0,R3a_pullback,1,59,14.509656925031926,ml_exit
2026-04-22 02:25:00,0,R3i_inside_break,1,60,3.525621473234707,max
2026-04-22 03:40:00,0,R3i_inside_break,1,60,2.1249025481104917,max
2026-04-22 14:25:00,1,R0f_mean_revert,-1,60,-0.023790483806504583,max
2026-04-26 17:55:00,2,R0g_inside_break,-1,15,-5.353698406211585,hard_sl
2026-04-26 18:25:00,2,R0h_3bar_reversal,-1,41,-4.067039106145167,hard_sl
2026-04-26 22:05:00,2,R0h_3bar_reversal,1,60,3.3691492493376614,max
2026-04-27 00:35:00,2,R0g_inside_break,1,58,-4.52535211267612,hard_sl
2026-04-27 01:35:00,2,R0g_inside_break,1,44,-5.130422525284511,hard_sl
2026-04-30 18:40:00,0,R3i_inside_break,1,60,-0.6760332833174215,max
2026-05-01 13:15:00,1,R0f_mean_revert,-1,60,-1.5102492651829829,max
