base,label,model,thr,trades,per_day,profWk,nWk,totSumR,medPF,worstWk,meets
pb0.5|ct1.5,trailSL6T2,reg,-0.1169,24750,16.06,10,12,2699.6,1.054,-120.4,1
pb0.5|ct1.5,trailSL6T2,reg,-0.0425,24272,15.75,9,12,2842.2,1.067,-149.9,1
pb0.5|ct1.5,trailSL6T2,reg,0.026,23754,15.41,10,12,2794.0,1.082,-192.3,1
pb0.5|ct1.5,trailSL6T2,reg,0.091,23061,14.96,10,12,2466.1,1.069,-192.1,1
pb0.5|ct1.5,trailSL6T2,reg,0.1539,22431,14.56,10,12,2346.3,1.054,-138.8,1
pb0.5|ct1.5,trailSL6T2,reg,0.218,21595,14.01,9,12,2069.0,1.043,-78.7,1
pb0.5|ct1.5,trailSL6T2,reg,0.2841,20461,13.28,11,12,2002.0,1.048,-145.6,1
pb0.5|ct1.5,trailSL6T2,reg,0.3546,19203,12.46,10,12,2184.2,1.068,-167.5,1
pb0.5|ct1.5,trailSL6T2,reg,0.4311,17688,11.48,10,12,2409.1,1.07,-48.0,1
pb0.5|ct1.5,trailSL6T2,reg,0.5184,15820,10.27,11,12,1957.5,1.074,-51.1,1
pb0.5|ct1.5,trailSL6T2,reg,0.6234,13580,8.81,10,12,2198.5,1.072,-50.9,0
pb0.5|ct1.5,trailSL6T2,reg,0.7626,10906,7.08,8,12,1778.8,1.095,-150.7,0
pb0.5|ct1.5,trailSL6T2,reg,0.9748,7533,4.89,9,12,1429.4,1.077,-42.5,0
pb0.5|ct1.5,trailSL6T2,reg,1.4696,3146,2.04,9,12,477.2,1.088,-78.8,0
pb1.0,trailSL6T2,reg,-0.1237,22834,14.82,10,12,2601.2,1.069,-217.8,1
pb1.0,trailSL6T2,reg,-0.047,22317,14.48,10,12,2462.7,1.058,-187.7,1
pb1.0,trailSL6T2,reg,0.0238,21758,14.12,9,12,2631.9,1.051,-90.3,1
pb1.0,trailSL6T2,reg,0.0913,21125,13.71,11,12,2862.2,1.056,-89.6,1
pb1.0,trailSL6T2,reg,0.1562,20407,13.24,11,12,2684.5,1.054,-12.0,1
pb1.0,trailSL6T2,reg,0.2208,19607,12.72,10,12,2638.6,1.06,-92.1,1
pb1.0,trailSL6T2,reg,0.2885,18674,12.12,12,12,2876.6,1.062,7.8,1
pb1.0,trailSL6T2,reg,0.3602,17484,11.35,12,12,3063.3,1.088,11.4,1
pb1.0,trailSL6T2,reg,0.4384,16200,10.51,11,12,2390.4,1.081,-15.2,1
pb1.0,trailSL6T2,reg,0.5286,14554,9.44,12,12,1955.1,1.069,30.5,0
pb1.0,trailSL6T2,reg,0.6373,12489,8.1,11,12,1966.7,1.09,-6.0,0
pb1.0,trailSL6T2,reg,0.7822,9967,6.47,9,12,1047.5,1.072,-126.9,0
pb1.0,trailSL6T2,reg,0.9988,6918,4.49,9,12,990.1,1.097,-57.5,0
pb1.0,trailSL6T2,reg,1.4739,2998,1.95,7,12,288.9,1.053,-77.0,0
pb1.5,trailSL6T2,reg,-0.1039,24577,15.95,10,12,2534.2,1.057,-137.8,1
pb1.5,trailSL6T2,reg,-0.0349,24272,15.75,10,12,2814.0,1.076,-70.3,1
pb1.5,trailSL6T2,reg,0.029,23819,15.46,9,12,2437.4,1.065,-120.0,1
pb1.5,trailSL6T2,reg,0.0899,23350,15.15,11,12,2733.0,1.068,-121.7,1
pb1.5,trailSL6T2,reg,0.1492,22688,14.72,11,12,3116.9,1.08,-185.7,1
pb1.5,trailSL6T2,reg,0.2088,21949,14.24,11,12,2966.7,1.082,-137.6,1
pb1.5,trailSL6T2,reg,0.2708,21086,13.68,11,12,2938.3,1.075,-94.8,1
pb1.5,trailSL6T2,reg,0.337,20000,12.98,10,12,2732.2,1.086,-144.7,1
pb1.5,trailSL6T2,reg,0.4099,18607,12.07,10,12,2650.3,1.091,-226.4,1
pb1.5,trailSL6T2,reg,0.4935,16988,11.02,9,12,1868.0,1.072,-392.4,1
pb1.5,trailSL6T2,reg,0.594,14924,9.68,9,12,1595.3,1.081,-308.3,0
pb1.5,trailSL6T2,reg,0.7271,12178,7.9,10,12,1286.7,1.081,-263.9,0
pb1.5,trailSL6T2,reg,0.9242,8719,5.66,10,12,1051.8,1.09,-124.3,0
pb1.5,trailSL6T2,reg,1.3603,3923,2.55,9,12,602.8,1.068,-98.0,0
in_regime,trailSL6T2,reg,-0.0781,30345,19.69,11,12,2368.4,1.048,-128.9,1
in_regime,trailSL6T2,reg,-0.0201,30173,19.58,11,12,2125.7,1.04,-93.6,1
in_regime,trailSL6T2,reg,0.0329,29778,19.32,11,12,2118.8,1.036,-42.5,1
in_regime,trailSL6T2,reg,0.0833,29650,19.24,9,12,2088.1,1.035,-63.9,1
in_regime,trailSL6T2,reg,0.1321,29189,18.94,10,12,2660.3,1.039,-234.1,1
in_regime,trailSL6T2,reg,0.1811,28636,18.58,11,12,3301.8,1.076,-67.9,1
in_regime,trailSL6T2,reg,0.2315,28006,18.17,10,12,3094.8,1.057,-58.2,1
in_regime,trailSL6T2,reg,0.2849,27256,17.69,10,12,2983.5,1.067,-22.3,1
in_regime,trailSL6T2,reg,0.3434,26155,16.97,12,12,3311.0,1.064,14.0,1
in_regime,trailSL6T2,reg,0.4095,24701,16.03,12,12,3830.1,1.081,74.1,1
in_regime,trailSL6T2,reg,0.4897,22678,14.72,12,12,3775.3,1.081,47.6,1
in_regime,trailSL6T2,reg,0.5936,19717,12.79,10,12,2435.9,1.068,-133.5,1
in_regime,trailSL6T2,reg,0.7501,15094,9.79,10,12,2495.6,1.082,-34.9,0
in_regime,trailSL6T2,reg,1.1062,7547,4.9,9,12,723.9,1.041,-132.1,0
rsi_revert,trailSL6T2,reg,-0.1061,24459,15.87,10,12,2740.0,1.06,-111.5,1
rsi_revert,trailSL6T2,reg,-0.0326,23859,15.48,11,12,2782.2,1.065,-153.7,1
rsi_revert,trailSL6T2,reg,0.0339,23191,15.05,11,12,2381.1,1.057,-92.0,1
rsi_revert,trailSL6T2,reg,0.0971,22285,14.46,11,12,2449.9,1.061,-34.3,1
rsi_revert,trailSL6T2,reg,0.1582,21374,13.87,11,12,2480.3,1.053,-120.1,1
rsi_revert,trailSL6T2,reg,0.22,20273,13.16,11,12,2757.9,1.093,-216.5,1
rsi_revert,trailSL6T2,reg,0.2844,19042,12.36,11,12,2565.9,1.082,-143.1,1
rsi_revert,trailSL6T2,reg,0.3516,17601,11.42,10,12,2563.0,1.111,-53.7,1
rsi_revert,trailSL6T2,reg,0.4257,15887,10.31,10,12,2495.6,1.093,-63.5,1
rsi_revert,trailSL6T2,reg,0.5103,13990,9.08,10,12,1694.8,1.079,-135.3,0
rsi_revert,trailSL6T2,reg,0.615,11767,7.64,9,12,1321.3,1.047,-157.7,0
rsi_revert,trailSL6T2,reg,0.7528,9214,5.98,9,12,1340.9,1.067,-157.5,0
rsi_revert,trailSL6T2,reg,0.9605,6181,4.01,10,12,1144.4,1.139,-137.6,0
rsi_revert,trailSL6T2,reg,1.4537,2511,1.63,9,12,421.2,1.064,-47.6,0
near_ema20,trailSL6T2,reg,-0.0734,26689,17.32,12,12,3468.8,1.074,96.6,1
near_ema20,trailSL6T2,reg,-0.0076,26315,17.08,12,12,3355.9,1.069,81.5,1
near_ema20,trailSL6T2,reg,0.0521,25812,16.75,12,12,3677.8,1.086,74.6,1
near_ema20,trailSL6T2,reg,0.1099,25187,16.34,12,12,4200.7,1.094,134.8,1
near_ema20,trailSL6T2,reg,0.1661,24481,15.89,12,12,3632.1,1.073,95.7,1
near_ema20,trailSL6T2,reg,0.2231,23594,15.31,12,12,3408.5,1.075,25.7,1
near_ema20,trailSL6T2,reg,0.2814,22496,14.6,12,12,3301.3,1.068,33.0,1
near_ema20,trailSL6T2,reg,0.3439,21298,13.82,10,12,2756.7,1.066,-43.9,1
near_ema20,trailSL6T2,reg,0.4126,19663,12.76,10,12,3003.4,1.093,-44.9,1
near_ema20,trailSL6T2,reg,0.4922,17814,11.56,11,12,3025.2,1.11,-53.3,1
near_ema20,trailSL6T2,reg,0.5887,15393,9.99,10,12,2059.4,1.074,-49.0,0
near_ema20,trailSL6T2,reg,0.7148,12407,8.05,10,12,2052.8,1.089,-73.1,0
near_ema20,trailSL6T2,reg,0.9049,8757,5.68,8,12,1423.0,1.059,-79.7,0
near_ema20,trailSL6T2,reg,1.3179,3958,2.57,8,12,609.9,1.105,-93.2,0
counter1.0,trailSL6T2,reg,-0.1827,19623,12.73,10,12,2319.1,1.087,-98.0,1
counter1.0,trailSL6T2,reg,-0.0934,19079,12.38,10,12,2313.0,1.087,-188.8,1
counter1.0,trailSL6T2,reg,-0.0119,18578,12.06,8,12,1774.8,1.075,-180.5,1
counter1.0,trailSL6T2,reg,0.0657,17878,11.6,9,12,1985.4,1.067,-124.1,1
counter1.0,trailSL6T2,reg,0.1428,17130,11.12,9,12,1993.0,1.077,-142.4,1
counter1.0,trailSL6T2,reg,0.2203,16323,10.59,9,12,2049.6,1.075,-155.7,1
counter1.0,trailSL6T2,reg,0.3001,15314,9.94,10,12,2023.5,1.086,-131.0,0
counter1.0,trailSL6T2,reg,0.3828,14217,9.23,9,12,1952.4,1.074,-94.3,0
counter1.0,trailSL6T2,reg,0.4744,12923,8.39,9,12,1680.3,1.094,-63.8,0
counter1.0,trailSL6T2,reg,0.5776,11387,7.39,10,12,1274.7,1.066,-83.6,0
counter1.0,trailSL6T2,reg,0.7011,9676,6.28,8,12,924.7,1.078,-96.5,0
counter1.0,trailSL6T2,reg,0.8627,7658,4.97,8,12,1040.4,1.102,-76.1,0
counter1.0,trailSL6T2,reg,1.1099,5171,3.36,8,12,524.1,1.067,-125.9,0
counter1.0,trailSL6T2,reg,1.684,2061,1.34,7,12,228.8,1.139,-85.1,0
breakout,trailSL6T2,reg,0.0,0,0.0,0,12,0.0,0,0.0,0
breakout,trailSL6T2,reg,0.0,0,0.0,0,12,0.0,0,0.0,0
breakout,trailSL6T2,reg,0.0,0,0.0,0,12,0.0,0,0.0,0
breakout,trailSL6T2,reg,0.0,0,0.0,0,12,0.0,0,0.0,0
breakout,trailSL6T2,reg,0.0,0,0.0,0,12,0.0,0,0.0,0
breakout,trailSL6T2,reg,0.0,0,0.0,0,12,0.0,0,0.0,0
breakout,trailSL6T2,reg,0.0,0,0.0,0,12,0.0,0,0.0,0
breakout,trailSL6T2,reg,0.0,0,0.0,0,12,0.0,0,0.0,0
breakout,trailSL6T2,reg,0.0,0,0.0,0,12,0.0,0,0.0,0
breakout,trailSL6T2,reg,0.0,0,0.0,0,12,0.0,0,0.0,0
breakout,trailSL6T2,reg,0.0,0,0.0,0,12,0.0,0,0.0,0
breakout,trailSL6T2,reg,0.0,0,0.0,0,12,0.0,0,0.0,0
breakout,trailSL6T2,reg,0.0,0,0.0,0,12,0.0,0,0.0,0
breakout,trailSL6T2,reg,0.0,0,0.0,0,12,0.0,0,0.0,0
in_regime,barT2S1H120,clf,0.4,183255,118.92,0,12,-47991.0,0.69,-4392.7,0
in_regime,barT2S1H120,clf,0.4308,181839,118.0,0,12,-47625.7,0.69,-4314.7,0
in_regime,barT2S1H120,clf,0.4615,176582,114.59,0,12,-45796.9,0.694,-4198.0,0
in_regime,barT2S1H120,clf,0.4923,155127,100.67,0,12,-40260.7,0.695,-3658.9,0
in_regime,barT2S1H120,clf,0.5231,91749,59.54,0,12,-23044.6,0.701,-2164.2,0
in_regime,barT2S1H120,clf,0.5538,32619,21.17,0,12,-8272.7,0.702,-961.4,0
in_regime,barT2S1H120,clf,0.5846,10631,6.9,0,12,-2696.7,0.706,-333.7,0
in_regime,barT2S1H120,clf,0.6154,3548,2.3,0,12,-895.3,0.705,-120.7,0
in_regime,barT2S1H120,clf,0.6462,1195,0.78,0,12,-261.4,0.747,-50.3,0
in_regime,barT2S1H120,clf,0.6769,420,0.27,1,12,-145.6,0.552,-26.1,0
in_regime,barT2S1H120,clf,0.7077,153,0.1,3,12,-26.0,0.839,-16.9,0
in_regime,barT2S1H120,clf,0.7385,35,0.02,3,12,-8.5,0.59,-5.1,0
in_regime,barT2S1H120,clf,0.7692,4,0.0,1,12,-2.1,0.681,-2.5,0
in_regime,barT2S1H120,clf,0.8,0,0.0,0,12,0.0,0,0.0,0
in_regime,barT3S2H240,clf,0.4,88841,57.65,0,12,-24116.6,0.8,-2250.9,0
in_regime,barT3S2H240,clf,0.4308,88224,57.25,0,12,-23895.8,0.8,-2223.4,0
in_regime,barT3S2H240,clf,0.4615,86218,55.95,0,12,-23650.9,0.797,-2203.1,0
in_regime,barT3S2H240,clf,0.4923,79108,51.34,0,12,-21454.1,0.805,-2093.4,0
in_regime,barT3S2H240,clf,0.5231,56791,36.85,0,12,-16299.0,0.786,-1634.8,0
in_regime,barT3S2H240,clf,0.5538,26195,17.0,0,12,-7240.2,0.796,-765.2,1
in_regime,barT3S2H240,clf,0.5846,10357,6.72,0,12,-2463.6,0.828,-400.0,0
in_regime,barT3S2H240,clf,0.6154,4170,2.71,2,12,-971.3,0.849,-173.3,0
in_regime,barT3S2H240,clf,0.6462,1690,1.1,0,12,-579.5,0.748,-96.6,0
in_regime,barT3S2H240,clf,0.6769,652,0.42,1,12,-184.7,0.802,-34.3,0
in_regime,barT3S2H240,clf,0.7077,274,0.18,5,12,-82.3,0.845,-27.8,0
in_regime,barT3S2H240,clf,0.7385,86,0.06,2,12,-51.1,0.568,-12.2,0
in_regime,barT3S2H240,clf,0.7692,15,0.01,1,12,-9.1,0.641,-5.9,0
in_regime,barT3S2H240,clf,0.8,7,0.0,1,12,4.1,2.104,-1.8,0
pb1.5,barT2S1H120,clf,0.4,99363,64.48,0,12,-26176.1,0.682,-2348.2,0
pb1.5,barT2S1H120,clf,0.4308,97646,63.37,0,12,-25429.0,0.688,-2326.3,0
pb1.5,barT2S1H120,clf,0.4615,92658,60.13,0,12,-24024.4,0.683,-2204.0,0
pb1.5,barT2S1H120,clf,0.4923,78137,50.71,0,12,-20180.1,0.698,-2003.7,0
pb1.5,barT2S1H120,clf,0.5231,47859,31.06,0,12,-12094.6,0.699,-1159.1,0
pb1.5,barT2S1H120,clf,0.5538,19423,12.6,0,12,-4881.5,0.694,-473.4,1
pb1.5,barT2S1H120,clf,0.5846,6698,4.35,0,12,-1802.2,0.652,-225.7,0
pb1.5,barT2S1H120,clf,0.6154,2313,1.5,0,12,-606.3,0.665,-108.3,0
pb1.5,barT2S1H120,clf,0.6462,837,0.54,0,12,-231.7,0.698,-42.2,0
pb1.5,barT2S1H120,clf,0.6769,288,0.19,3,12,-65.8,0.767,-22.3,0
pb1.5,barT2S1H120,clf,0.7077,88,0.06,5,12,-6.8,1.135,-12.6,0
pb1.5,barT2S1H120,clf,0.7385,25,0.02,2,12,-7.8,0.454,-3.4,0
pb1.5,barT2S1H120,clf,0.7692,3,0.0,0,12,-3.8,0.0,-2.5,0
pb1.5,barT2S1H120,clf,0.8,0,0.0,0,12,0.0,0,0.0,0
pb1.5,barT3S2H240,clf,0.4,54589,35.42,0,12,-14608.5,0.797,-1441.4,0
pb1.5,barT3S2H240,clf,0.4308,53672,34.83,0,12,-14466.3,0.792,-1443.0,0
pb1.5,barT3S2H240,clf,0.4615,51484,33.41,0,12,-13667.6,0.803,-1373.5,0
pb1.5,barT3S2H240,clf,0.4923,45679,29.64,0,12,-12207.1,0.804,-1346.9,0
pb1.5,barT3S2H240,clf,0.5231,32752,21.25,0,12,-8793.3,0.801,-1001.2,0
pb1.5,barT3S2H240,clf,0.5538,16817,10.91,0,12,-4387.6,0.8,-497.3,1
pb1.5,barT3S2H240,clf,0.5846,7235,4.7,0,12,-1929.2,0.805,-323.0,0
pb1.5,barT3S2H240,clf,0.6154,3073,1.99,1,12,-793.2,0.813,-173.0,0
pb1.5,barT3S2H240,clf,0.6462,1323,0.86,1,12,-344.9,0.771,-50.7,0
pb1.5,barT3S2H240,clf,0.6769,595,0.39,4,12,-181.5,0.798,-43.6,0
pb1.5,barT3S2H240,clf,0.7077,253,0.16,3,12,-58.7,0.786,-19.5,0
pb1.5,barT3S2H240,clf,0.7385,92,0.06,6,12,-13.9,1.052,-12.7,0
pb1.5,barT3S2H240,clf,0.7692,30,0.02,6,12,-8.1,2.405,-21.8,0
pb1.5,barT3S2H240,clf,0.8,7,0.0,0,12,-10.9,0.12,-8.6,0
pb1.0,barT2S1H120,clf,0.4,80821,52.45,0,12,-20743.1,0.692,-1869.6,0
pb1.0,barT2S1H120,clf,0.4308,78994,51.26,0,12,-20247.4,0.694,-1863.8,0
pb1.0,barT2S1H120,clf,0.4615,74267,48.19,0,12,-19306.2,0.693,-1816.9,0
pb1.0,barT2S1H120,clf,0.4923,60994,39.58,0,12,-15844.9,0.692,-1520.3,0
pb1.0,barT2S1H120,clf,0.5231,36544,23.71,0,12,-9244.5,0.699,-889.3,0
pb1.0,barT2S1H120,clf,0.5538,15192,9.86,0,12,-3914.2,0.687,-459.5,0
pb1.0,barT2S1H120,clf,0.5846,5507,3.57,0,12,-1432.5,0.69,-167.9,0
pb1.0,barT2S1H120,clf,0.6154,2074,1.35,0,12,-540.8,0.709,-78.8,0
pb1.0,barT2S1H120,clf,0.6462,784,0.51,0,12,-188.1,0.745,-44.6,0
pb1.0,barT2S1H120,clf,0.6769,271,0.18,6,12,-44.2,0.937,-20.9,0
pb1.0,barT2S1H120,clf,0.7077,106,0.07,5,12,-11.6,0.681,-11.8,0
pb1.0,barT2S1H120,clf,0.7385,33,0.02,2,12,-8.9,0.681,-5.4,0
pb1.0,barT2S1H120,clf,0.7692,9,0.01,2,12,-2.4,1.362,-3.4,0
pb1.0,barT2S1H120,clf,0.8,1,0.0,1,12,1.7,1729755815.076,0.0,0
pb1.0,barT3S2H240,clf,0.4,47346,30.72,0,12,-12307.1,0.814,-1302.4,0
pb1.0,barT3S2H240,clf,0.4308,46346,30.08,0,12,-12176.3,0.805,-1366.9,0
pb1.0,barT3S2H240,clf,0.4615,43946,28.52,0,12,-11299.9,0.81,-1315.2,0
pb1.0,barT3S2H240,clf,0.4923,38150,24.76,0,12,-9754.1,0.816,-1202.3,0
pb1.0,barT3S2H240,clf,0.5231,26998,17.52,0,12,-6486.9,0.824,-729.2,1
pb1.0,barT3S2H240,clf,0.5538,14008,9.09,0,12,-4072.3,0.788,-456.9,0
pb1.0,barT3S2H240,clf,0.5846,6151,3.99,0,12,-1546.8,0.808,-224.6,0
pb1.0,barT3S2H240,clf,0.6154,2811,1.82,0,12,-851.4,0.797,-121.6,0
pb1.0,barT3S2H240,clf,0.6462,1356,0.88,2,12,-360.2,0.772,-69.5,0
pb1.0,barT3S2H240,clf,0.6769,634,0.41,1,12,-177.0,0.714,-52.6,0
pb1.0,barT3S2H240,clf,0.7077,309,0.2,3,12,-112.0,0.762,-41.6,0
pb1.0,barT3S2H240,clf,0.7385,119,0.08,4,12,-31.8,0.668,-23.0,0
pb1.0,barT3S2H240,clf,0.7692,52,0.03,4,12,-19.7,0.601,-6.8,0
pb1.0,barT3S2H240,clf,0.8,22,0.01,3,12,-12.0,0.401,-7.9,0
rsi_revert,barT2S1H120,clf,0.4,67285,43.66,0,12,-16207.5,0.714,-1684.6,0
rsi_revert,barT2S1H120,clf,0.4308,65670,42.62,0,12,-15744.4,0.721,-1611.1,0
rsi_revert,barT2S1H120,clf,0.4615,60425,39.21,0,12,-14289.0,0.727,-1408.2,0
rsi_revert,barT2S1H120,clf,0.4923,46416,30.12,0,12,-10956.1,0.717,-1065.7,0
rsi_revert,barT2S1H120,clf,0.5231,26379,17.12,0,12,-6188.0,0.709,-617.8,1
rsi_revert,barT2S1H120,clf,0.5538,12189,7.91,0,12,-2567.5,0.739,-303.7,0
rsi_revert,barT2S1H120,clf,0.5846,5455,3.54,0,12,-1120.9,0.733,-167.0,0
rsi_revert,barT2S1H120,clf,0.6154,2454,1.59,1,12,-445.6,0.793,-74.6,0
rsi_revert,barT2S1H120,clf,0.6462,1134,0.74,1,12,-201.3,0.79,-39.3,0
rsi_revert,barT2S1H120,clf,0.6769,510,0.33,3,12,-78.5,0.757,-20.8,0
rsi_revert,barT2S1H120,clf,0.7077,237,0.15,3,12,-55.7,0.655,-13.7,0
rsi_revert,barT2S1H120,clf,0.7385,117,0.08,5,12,-27.1,0.827,-16.8,0
rsi_revert,barT2S1H120,clf,0.7692,45,0.03,3,12,-13.7,0.794,-6.2,0
rsi_revert,barT2S1H120,clf,0.8,19,0.01,1,12,-6.1,0.817,-3.8,0
rsi_revert,barT3S2H240,clf,0.4,47300,30.69,0,12,-12735.2,0.802,-1285.1,0
rsi_revert,barT3S2H240,clf,0.4308,46273,30.03,0,12,-12342.7,0.807,-1275.0,0
rsi_revert,barT3S2H240,clf,0.4615,43405,28.17,0,12,-11565.9,0.804,-1201.2,0
rsi_revert,barT3S2H240,clf,0.4923,35690,23.16,0,12,-8892.8,0.817,-975.2,0
rsi_revert,barT3S2H240,clf,0.5231,22747,14.76,0,12,-5525.9,0.826,-711.2,1
rsi_revert,barT3S2H240,clf,0.5538,11781,7.65,0,12,-2941.1,0.813,-400.0,0
rsi_revert,barT3S2H240,clf,0.5846,5724,3.71,0,12,-1026.4,0.879,-159.7,0
rsi_revert,barT3S2H240,clf,0.6154,3036,1.97,1,12,-626.0,0.849,-122.5,0
rsi_revert,barT3S2H240,clf,0.6462,1595,1.04,4,12,-169.4,0.913,-91.0,0
rsi_revert,barT3S2H240,clf,0.6769,815,0.53,3,12,-114.0,0.875,-62.8,0
rsi_revert,barT3S2H240,clf,0.7077,438,0.28,7,12,27.8,1.122,-14.0,0
rsi_revert,barT3S2H240,clf,0.7385,234,0.15,8,12,6.0,1.167,-16.7,0
rsi_revert,barT3S2H240,clf,0.7692,126,0.08,5,12,-29.9,0.832,-18.6,0
rsi_revert,barT3S2H240,clf,0.8,61,0.04,4,12,-22.3,0.401,-16.9,0
breakout,barT2S1H120,clf,0.4,0,0.0,0,12,0.0,0,0.0,0
breakout,barT2S1H120,clf,0.4308,0,0.0,0,12,0.0,0,0.0,0
breakout,barT2S1H120,clf,0.4615,0,0.0,0,12,0.0,0,0.0,0
breakout,barT2S1H120,clf,0.4923,0,0.0,0,12,0.0,0,0.0,0
breakout,barT2S1H120,clf,0.5231,0,0.0,0,12,0.0,0,0.0,0
breakout,barT2S1H120,clf,0.5538,0,0.0,0,12,0.0,0,0.0,0
breakout,barT2S1H120,clf,0.5846,0,0.0,0,12,0.0,0,0.0,0
breakout,barT2S1H120,clf,0.6154,0,0.0,0,12,0.0,0,0.0,0
breakout,barT2S1H120,clf,0.6462,0,0.0,0,12,0.0,0,0.0,0
breakout,barT2S1H120,clf,0.6769,0,0.0,0,12,0.0,0,0.0,0
breakout,barT2S1H120,clf,0.7077,0,0.0,0,12,0.0,0,0.0,0
breakout,barT2S1H120,clf,0.7385,0,0.0,0,12,0.0,0,0.0,0
breakout,barT2S1H120,clf,0.7692,0,0.0,0,12,0.0,0,0.0,0
breakout,barT2S1H120,clf,0.8,0,0.0,0,12,0.0,0,0.0,0
breakout,barT3S2H240,clf,0.4,0,0.0,0,12,0.0,0,0.0,0
breakout,barT3S2H240,clf,0.4308,0,0.0,0,12,0.0,0,0.0,0
breakout,barT3S2H240,clf,0.4615,0,0.0,0,12,0.0,0,0.0,0
breakout,barT3S2H240,clf,0.4923,0,0.0,0,12,0.0,0,0.0,0
breakout,barT3S2H240,clf,0.5231,0,0.0,0,12,0.0,0,0.0,0
breakout,barT3S2H240,clf,0.5538,0,0.0,0,12,0.0,0,0.0,0
breakout,barT3S2H240,clf,0.5846,0,0.0,0,12,0.0,0,0.0,0
breakout,barT3S2H240,clf,0.6154,0,0.0,0,12,0.0,0,0.0,0
breakout,barT3S2H240,clf,0.6462,0,0.0,0,12,0.0,0,0.0,0
breakout,barT3S2H240,clf,0.6769,0,0.0,0,12,0.0,0,0.0,0
breakout,barT3S2H240,clf,0.7077,0,0.0,0,12,0.0,0,0.0,0
breakout,barT3S2H240,clf,0.7385,0,0.0,0,12,0.0,0,0.0,0
breakout,barT3S2H240,clf,0.7692,0,0.0,0,12,0.0,0,0.0,0
breakout,barT3S2H240,clf,0.8,0,0.0,0,12,0.0,0,0.0,0
near_ema20,barT2S1H120,clf,0.4,116125,75.36,0,12,-30292.5,0.69,-2883.5,0
near_ema20,barT2S1H120,clf,0.4308,113584,73.71,0,12,-29573.7,0.692,-2704.6,0
near_ema20,barT2S1H120,clf,0.4615,106734,69.26,0,12,-27681.1,0.693,-2534.2,0
near_ema20,barT2S1H120,clf,0.4923,85872,55.72,0,12,-22027.6,0.693,-2024.0,0
near_ema20,barT2S1H120,clf,0.5231,47217,30.64,0,12,-12290.5,0.691,-1209.5,0
near_ema20,barT2S1H120,clf,0.5538,17103,11.1,0,12,-4306.8,0.691,-490.5,1
near_ema20,barT2S1H120,clf,0.5846,5537,3.59,0,12,-1401.7,0.712,-210.3,0
near_ema20,barT2S1H120,clf,0.6154,1831,1.19,0,12,-511.6,0.692,-76.8,0
near_ema20,barT2S1H120,clf,0.6462,605,0.39,1,12,-144.5,0.681,-37.3,0
near_ema20,barT2S1H120,clf,0.6769,205,0.13,3,12,-45.8,0.681,-12.3,0
near_ema20,barT2S1H120,clf,0.7077,71,0.05,5,12,-9.2,1.089,-8.0,0
near_ema20,barT2S1H120,clf,0.7385,19,0.01,1,12,-9.1,0.17,-7.6,0
near_ema20,barT2S1H120,clf,0.7692,6,0.0,0,12,-7.6,0.0,-5.1,0
near_ema20,barT2S1H120,clf,0.8,0,0.0,0,12,0.0,0,0.0,0
near_ema20,barT3S2H240,clf,0.4,65831,42.72,0,12,-18157.7,0.798,-1865.1,0
near_ema20,barT3S2H240,clf,0.4308,64458,41.83,0,12,-17773.1,0.795,-1771.6,0
near_ema20,barT3S2H240,clf,0.4615,61180,39.7,0,12,-16804.1,0.787,-1639.3,0
near_ema20,barT3S2H240,clf,0.4923,52519,34.08,0,12,-14340.2,0.796,-1432.5,0
near_ema20,barT3S2H240,clf,0.5231,34616,22.46,0,12,-9094.7,0.799,-957.0,0
near_ema20,barT3S2H240,clf,0.5538,16362,10.62,0,12,-4366.5,0.8,-460.1,1
near_ema20,barT3S2H240,clf,0.5846,6730,4.37,0,12,-1523.7,0.82,-237.0,0
near_ema20,barT3S2H240,clf,0.6154,2811,1.82,0,12,-685.2,0.804,-97.0,0
near_ema20,barT3S2H240,clf,0.6462,1219,0.79,2,12,-373.7,0.759,-69.6,0
near_ema20,barT3S2H240,clf,0.6769,524,0.34,3,12,-166.5,0.701,-38.6,0
near_ema20,barT3S2H240,clf,0.7077,204,0.13,3,12,-111.0,0.761,-30.8,0
near_ema20,barT3S2H240,clf,0.7385,80,0.05,3,12,-39.5,0.601,-18.1,0
near_ema20,barT3S2H240,clf,0.7692,20,0.01,2,12,-20.4,0.601,-13.2,0
near_ema20,barT3S2H240,clf,0.8,5,0.0,1,12,-1.4,1364877907.738,-4.1,0
counter1.0,barT2S1H120,clf,0.4,65856,42.74,0,12,-16574.0,0.692,-1642.1,0
counter1.0,barT2S1H120,clf,0.4308,64543,41.88,0,12,-16177.2,0.698,-1630.6,0
counter1.0,barT2S1H120,clf,0.4615,60298,39.13,0,12,-14822.6,0.703,-1495.5,0
counter1.0,barT2S1H120,clf,0.4923,48827,31.69,0,12,-11652.2,0.715,-1170.4,0
counter1.0,barT2S1H120,clf,0.5231,29957,19.44,0,12,-7106.9,0.71,-751.3,1
counter1.0,barT2S1H120,clf,0.5538,13978,9.07,0,12,-3314.1,0.711,-355.1,0
counter1.0,barT2S1H120,clf,0.5846,5954,3.86,0,12,-1280.7,0.75,-203.1,0
counter1.0,barT2S1H120,clf,0.6154,2676,1.74,0,12,-390.0,0.822,-68.1,0
counter1.0,barT2S1H120,clf,0.6462,1267,0.82,3,12,-180.9,0.763,-35.7,0
counter1.0,barT2S1H120,clf,0.6769,571,0.37,2,12,-85.0,0.779,-17.2,0
counter1.0,barT2S1H120,clf,0.7077,256,0.17,4,12,-42.6,0.667,-15.4,0
counter1.0,barT2S1H120,clf,0.7385,112,0.07,2,12,-27.3,0.757,-8.8,0
counter1.0,barT2S1H120,clf,0.7692,40,0.03,1,12,-16.1,0.499,-5.9,0
counter1.0,barT2S1H120,clf,0.8,17,0.01,2,12,-6.6,0.681,-3.4,0
counter1.0,barT3S2H240,clf,0.4,38187,24.78,0,12,-9617.8,0.81,-999.2,0
counter1.0,barT3S2H240,clf,0.4308,37329,24.22,0,12,-9342.8,0.809,-961.4,0
counter1.0,barT3S2H240,clf,0.4615,35124,22.79,0,12,-8346.7,0.813,-918.5,0
counter1.0,barT3S2H240,clf,0.4923,30298,19.66,0,12,-7435.5,0.814,-809.3,1
counter1.0,barT3S2H240,clf,0.5231,21867,14.19,0,12,-5080.1,0.828,-616.5,1
counter1.0,barT3S2H240,clf,0.5538,12805,8.31,0,12,-2921.6,0.817,-382.7,0
counter1.0,barT3S2H240,clf,0.5846,6811,4.42,0,12,-1385.3,0.85,-252.6,0
counter1.0,barT3S2H240,clf,0.6154,3513,2.28,1,12,-799.6,0.816,-172.6,0
counter1.0,barT3S2H240,clf,0.6462,1969,1.28,5,12,-230.4,0.961,-74.0,0
counter1.0,barT3S2H240,clf,0.6769,1058,0.69,5,12,-61.1,0.938,-40.6,0
counter1.0,barT3S2H240,clf,0.7077,561,0.36,7,12,-23.8,1.083,-29.8,0
counter1.0,barT3S2H240,clf,0.7385,283,0.18,6,12,-3.9,1.096,-17.3,0
counter1.0,barT3S2H240,clf,0.7692,154,0.1,5,12,-22.8,0.913,-17.2,0
counter1.0,barT3S2H240,clf,0.8,66,0.04,3,12,-26.3,0.83,-19.5,0
in_regime,barT1.5S1H60,clf,0.4,209729,136.1,0,12,-56351.9,0.647,-4958.5,0
in_regime,barT1.5S1H60,clf,0.4308,208270,135.15,0,12,-55873.7,0.648,-4984.7,0
in_regime,barT1.5S1H60,clf,0.4615,202853,131.64,0,12,-54203.6,0.651,-4773.2,0
in_regime,barT1.5S1H60,clf,0.4923,178555,115.87,0,12,-46951.4,0.654,-4202.0,0
in_regime,barT1.5S1H60,clf,0.5231,102417,66.46,0,12,-26825.4,0.651,-2634.2,0
in_regime,barT1.5S1H60,clf,0.5538,34333,22.28,0,12,-8881.7,0.663,-1040.8,0
in_regime,barT1.5S1H60,clf,0.5846,10343,6.71,0,12,-2710.3,0.65,-298.9,0
in_regime,barT1.5S1H60,clf,0.6154,3188,2.07,0,12,-769.6,0.651,-105.3,0
in_regime,barT1.5S1H60,clf,0.6462,1028,0.67,0,12,-293.0,0.616,-43.7,0
in_regime,barT1.5S1H60,clf,0.6769,347,0.23,0,12,-113.3,0.542,-19.6,0
in_regime,barT1.5S1H60,clf,0.7077,112,0.07,0,12,-39.0,0.553,-6.5,0
in_regime,barT1.5S1H60,clf,0.7385,29,0.02,3,12,-9.3,0.645,-5.1,0
in_regime,barT1.5S1H60,clf,0.7692,7,0.0,1,12,-3.9,0.242,-2.5,0
in_regime,barT1.5S1H60,clf,0.8,0,0.0,0,12,0.0,0,0.0,0
in_regime,trailSL4T2,reg,-0.1022,40621,26.36,8,12,1740.1,1.011,-49.3,0
in_regime,trailSL4T2,reg,-0.0532,40112,26.03,9,12,1914.1,1.022,-113.5,0
in_regime,trailSL4T2,reg,-0.0084,39750,25.79,10,12,1998.5,1.018,-84.7,0
in_regime,trailSL4T2,reg,0.0341,39179,25.42,10,12,1950.0,1.02,-37.7,0
in_regime,trailSL4T2,reg,0.0749,38502,24.99,8,12,1938.6,1.028,-73.1,0
in_regime,trailSL4T2,reg,0.1159,37764,24.51,9,12,1713.1,1.025,-163.8,0
in_regime,trailSL4T2,reg,0.1579,36715,23.83,8,12,1479.1,1.029,-219.7,0
in_regime,trailSL4T2,reg,0.2022,35358,22.94,10,12,1967.5,1.034,-275.9,0
in_regime,trailSL4T2,reg,0.2508,33667,21.85,11,12,2508.1,1.033,-129.9,0
in_regime,trailSL4T2,reg,0.3063,31468,20.42,11,12,2465.8,1.048,-164.9,0
in_regime,trailSL4T2,reg,0.373,28454,18.46,11,12,2760.8,1.069,-186.7,1
in_regime,trailSL4T2,reg,0.4609,24281,15.76,10,12,2036.0,1.052,-79.6,1
in_regime,trailSL4T2,reg,0.5964,18159,11.78,11,12,1294.1,1.029,-42.1,1
in_regime,trailSL4T2,reg,0.9231,8594,5.58,6,12,371.4,1.005,-101.3,0
pb1.5,barT1.5S1H60,clf,0.4,110878,71.95,0,12,-29614.1,0.65,-2693.4,0
pb1.5,barT1.5S1H60,clf,0.4308,109371,70.97,0,12,-29259.4,0.647,-2639.6,0
pb1.5,barT1.5S1H60,clf,0.4615,104642,67.91,0,12,-27859.8,0.647,-2561.2,0
pb1.5,barT1.5S1H60,clf,0.4923,88175,57.22,0,12,-23604.6,0.646,-2154.0,0
pb1.5,barT1.5S1H60,clf,0.5231,52376,33.99,0,12,-13710.6,0.661,-1332.1,0
pb1.5,barT1.5S1H60,clf,0.5538,20173,13.09,0,12,-5213.1,0.653,-573.5,1
pb1.5,barT1.5S1H60,clf,0.5846,6736,4.37,0,12,-1741.3,0.659,-247.3,0
pb1.5,barT1.5S1H60,clf,0.6154,2356,1.53,0,12,-539.2,0.668,-90.4,0
pb1.5,barT1.5S1H60,clf,0.6462,817,0.53,2,12,-182.8,0.683,-42.6,0
pb1.5,barT1.5S1H60,clf,0.6769,279,0.18,3,12,-51.9,0.732,-14.7,0
pb1.5,barT1.5S1H60,clf,0.7077,81,0.05,2,12,-12.9,0.968,-5.4,0
pb1.5,barT1.5S1H60,clf,0.7385,21,0.01,0,12,-9.2,0.645,-3.9,0
pb1.5,barT1.5S1H60,clf,0.7692,2,0.0,0,12,-2.5,0.0,-2.5,0
pb1.5,barT1.5S1H60,clf,0.8,0,0.0,0,12,0.0,0,0.0,0
pb1.5,trailSL4T2,reg,-0.1137,30368,19.71,9,12,2048.7,1.06,-172.1,1
pb1.5,trailSL4T2,reg,-0.0553,29791,19.33,9,12,1990.3,1.052,-101.1,1
pb1.5,trailSL4T2,reg,-0.0018,29144,18.91,11,12,2351.6,1.053,-20.4,1
pb1.5,trailSL4T2,reg,0.0491,28400,18.43,9,12,2285.0,1.047,-98.9,1
pb1.5,trailSL4T2,reg,0.099,27527,17.86,10,12,2062.4,1.042,-82.3,1
pb1.5,trailSL4T2,reg,0.1491,26431,17.15,10,12,2013.6,1.046,-85.8,1
pb1.5,trailSL4T2,reg,0.2009,25190,16.35,9,12,1912.1,1.039,-50.0,1
pb1.5,trailSL4T2,reg,0.2555,23786,15.44,10,12,2028.9,1.027,-12.6,1
pb1.5,trailSL4T2,reg,0.3157,22057,14.31,8,12,1611.0,1.044,-202.4,1
pb1.5,trailSL4T2,reg,0.3836,20018,12.99,9,12,1270.4,1.026,-183.1,1
pb1.5,trailSL4T2,reg,0.4661,17434,11.31,8,12,1002.1,1.053,-326.6,1
pb1.5,trailSL4T2,reg,0.5727,14172,9.2,10,12,1138.0,1.085,-258.1,0
pb1.5,trailSL4T2,reg,0.7351,9990,6.48,8,12,368.4,1.032,-179.0,0
pb1.5,trailSL4T2,reg,1.1186,4247,2.76,7,12,163.7,1.053,-119.7,0
rsi_revert,barT1.5S1H60,clf,0.4,70834,45.97,0,12,-17652.3,0.675,-1738.9,0
rsi_revert,barT1.5S1H60,clf,0.4308,69413,45.04,0,12,-17347.9,0.676,-1719.5,0
rsi_revert,barT1.5S1H60,clf,0.4615,64503,41.86,0,12,-15985.1,0.679,-1553.5,0
rsi_revert,barT1.5S1H60,clf,0.4923,50344,32.67,0,12,-12290.0,0.679,-1232.4,0
rsi_revert,barT1.5S1H60,clf,0.5231,28661,18.6,0,12,-6714.0,0.687,-755.9,1
rsi_revert,barT1.5S1H60,clf,0.5538,13129,8.52,0,12,-3062.2,0.689,-389.5,0
rsi_revert,barT1.5S1H60,clf,0.5846,5799,3.76,0,12,-1199.8,0.695,-163.3,0
rsi_revert,barT1.5S1H60,clf,0.6154,2516,1.63,0,12,-561.8,0.675,-78.3,0
rsi_revert,barT1.5S1H60,clf,0.6462,1135,0.74,1,12,-281.3,0.671,-65.6,0
rsi_revert,barT1.5S1H60,clf,0.6769,499,0.32,3,12,-131.5,0.686,-40.8,0
rsi_revert,barT1.5S1H60,clf,0.7077,241,0.16,1,12,-80.1,0.616,-19.2,0
rsi_revert,barT1.5S1H60,clf,0.7385,106,0.07,2,12,-29.5,0.484,-9.0,0
rsi_revert,barT1.5S1H60,clf,0.7692,49,0.03,2,12,-14.6,0.424,-6.5,0
rsi_revert,barT1.5S1H60,clf,0.8,19,0.01,1,12,-0.1,0.968,-2.5,0
rsi_revert,trailSL4T2,reg,-0.1205,29867,19.38,10,12,2318.6,1.047,-154.3,1
rsi_revert,trailSL4T2,reg,-0.0614,28933,18.78,11,12,2545.4,1.05,-113.4,1
rsi_revert,trailSL4T2,reg,-0.0067,27898,18.1,10,12,2463.4,1.045,-185.1,1
rsi_revert,trailSL4T2,reg,0.0462,26725,17.34,10,12,2331.1,1.054,-87.1,1
rsi_revert,trailSL4T2,reg,0.0972,25403,16.48,9,12,2358.6,1.047,-85.9,1
rsi_revert,trailSL4T2,reg,0.1485,23948,15.54,10,12,2201.4,1.056,-45.0,1
rsi_revert,trailSL4T2,reg,0.2019,22262,14.45,9,12,2016.5,1.059,-131.3,1
rsi_revert,trailSL4T2,reg,0.2583,20499,13.3,9,12,1986.4,1.064,-51.0,1
rsi_revert,trailSL4T2,reg,0.3192,18465,11.98,9,12,1534.1,1.048,-101.1,1
rsi_revert,trailSL4T2,reg,0.3888,16151,10.48,8,12,1037.6,1.047,-140.7,1
rsi_revert,trailSL4T2,reg,0.4736,13520,8.77,7,12,1138.6,1.049,-150.6,0
rsi_revert,trailSL4T2,reg,0.5861,10493,6.81,10,12,1342.7,1.065,-122.9,0
rsi_revert,trailSL4T2,reg,0.7629,6950,4.51,8,12,818.1,1.091,-113.2,0
rsi_revert,trailSL4T2,reg,1.2085,2774,1.8,8,12,170.1,1.031,-80.5,0
breakout,barT1.5S1H60,clf,0.4,0,0.0,0,12,0.0,0,0.0,0
breakout,barT1.5S1H60,clf,0.4308,0,0.0,0,12,0.0,0,0.0,0
breakout,barT1.5S1H60,clf,0.4615,0,0.0,0,12,0.0,0,0.0,0
breakout,barT1.5S1H60,clf,0.4923,0,0.0,0,12,0.0,0,0.0,0
breakout,barT1.5S1H60,clf,0.5231,0,0.0,0,12,0.0,0,0.0,0
breakout,barT1.5S1H60,clf,0.5538,0,0.0,0,12,0.0,0,0.0,0
breakout,barT1.5S1H60,clf,0.5846,0,0.0,0,12,0.0,0,0.0,0
breakout,barT1.5S1H60,clf,0.6154,0,0.0,0,12,0.0,0,0.0,0
breakout,barT1.5S1H60,clf,0.6462,0,0.0,0,12,0.0,0,0.0,0
breakout,barT1.5S1H60,clf,0.6769,0,0.0,0,12,0.0,0,0.0,0
breakout,barT1.5S1H60,clf,0.7077,0,0.0,0,12,0.0,0,0.0,0
breakout,barT1.5S1H60,clf,0.7385,0,0.0,0,12,0.0,0,0.0,0
breakout,barT1.5S1H60,clf,0.7692,0,0.0,0,12,0.0,0,0.0,0
breakout,barT1.5S1H60,clf,0.8,0,0.0,0,12,0.0,0,0.0,0
breakout,trailSL4T2,reg,0.0,0,0.0,0,12,0.0,0,0.0,0
breakout,trailSL4T2,reg,0.0,0,0.0,0,12,0.0,0,0.0,0
breakout,trailSL4T2,reg,0.0,0,0.0,0,12,0.0,0,0.0,0
breakout,trailSL4T2,reg,0.0,0,0.0,0,12,0.0,0,0.0,0
breakout,trailSL4T2,reg,0.0,0,0.0,0,12,0.0,0,0.0,0
breakout,trailSL4T2,reg,0.0,0,0.0,0,12,0.0,0,0.0,0
breakout,trailSL4T2,reg,0.0,0,0.0,0,12,0.0,0,0.0,0
breakout,trailSL4T2,reg,0.0,0,0.0,0,12,0.0,0,0.0,0
breakout,trailSL4T2,reg,0.0,0,0.0,0,12,0.0,0,0.0,0
breakout,trailSL4T2,reg,0.0,0,0.0,0,12,0.0,0,0.0,0
breakout,trailSL4T2,reg,0.0,0,0.0,0,12,0.0,0,0.0,0
breakout,trailSL4T2,reg,0.0,0,0.0,0,12,0.0,0,0.0,0
breakout,trailSL4T2,reg,0.0,0,0.0,0,12,0.0,0,0.0,0
breakout,trailSL4T2,reg,0.0,0,0.0,0,12,0.0,0,0.0,0
